isClickbait,Link
1,https://www.instagram.com/p/5uvYxcgsYL
1,https://www.instagram.com/p/6gU1ybIsQ4
1,https://www.instagram.com/p/6n1sYNMGa0
1,https://www.instagram.com/p/65IX9Gk-tm
1,https://www.instagram.com/p/65nyRpE-si
1,https://www.instagram.com/p/71MUlUOkhX
1,https://www.instagram.com/p/8dKY6xpxP5
1,https://www.instagram.com/p/8fpAiWpxO0
1,https://www.instagram.com/p/9RtHlnTfdL
1,https://www.instagram.com/p/9vb6lNvlw0
1,https://www.instagram.com/p/-ZIq3SMjPJ
1,https://www.instagram.com/p/BBgcAe1I7tN
1,https://www.instagram.com/p/BBghmVMI7of
1,https://www.instagram.com/p/BBgqomNo7ow
1,https://www.instagram.com/p/BCoSyEBHHz1
1,https://www.instagram.com/p/BFFWJSYxkhD
1,https://www.instagram.com/p/BFZ1SjkkGPy
1,https://www.instagram.com/p/BFhM8aDzbef
1,https://www.instagram.com/p/BGOP2AUB8Dz
1,https://www.instagram.com/p/BIfqT6LDcwp
1,https://www.instagram.com/p/BIvcHR7DhR2
1,https://www.instagram.com/p/BJ0nvlMDNcX
1,https://www.instagram.com/p/BKJTbgNA5Db
1,https://www.instagram.com/p/BKK3aL7DLGi
1,https://www.instagram.com/p/BKL1hUwgQfP
1,https://www.instagram.com/p/BKae6VZAOBH
1,https://www.instagram.com/p/BKe8aGhhvCq
1,https://www.instagram.com/p/BK3o-HqD0ti
1,https://www.instagram.com/p/BMg204IAkBo
1,https://www.instagram.com/p/BMyoswmh3HK
1,https://www.instagram.com/p/BNW3Q5Ejss6
1,https://www.instagram.com/p/BNc3GC9B1ac
1,https://www.instagram.com/p/BN4I9KbBRRD
1,https://www.instagram.com/p/BN_hLmkjIAn
1,https://www.instagram.com/p/BPYeLj5hYWR
1,https://www.instagram.com/p/BPc94HehN4-
1,https://www.instagram.com/p/BQFIWLoDUdY
1,https://www.instagram.com/p/BQHTGmkDIuF
1,https://www.instagram.com/p/BQHTPe6hYfO
1,https://www.instagram.com/p/BQHVhy7lY8J
1,https://www.instagram.com/p/BQHp6q9AD_V
1,https://www.instagram.com/p/BQMZd9OB8bs
1,https://www.instagram.com/p/BQ32_nPlpL9
1,https://www.instagram.com/p/BRtEMC2gs7e
1,https://www.instagram.com/p/BRtML_ZDyo2
1,https://www.instagram.com/p/BRtMhO2DDgO
1,https://www.instagram.com/p/BRtNsWmjEWX
1,https://www.instagram.com/p/BSciU9NjDMO
1,https://www.instagram.com/p/BT8-Nh8DzEo
1,https://www.instagram.com/p/BVCTMWNnQpe
1,https://www.instagram.com/p/BWzA1kpgRpX
1,https://www.instagram.com/p/BXRLeQjAjHo
1,https://www.instagram.com/p/BXRMYhogu_9
1,https://www.instagram.com/p/BYDGnffHyKq
1,https://www.instagram.com/p/BZInN1vADvJ
1,https://www.instagram.com/p/BZKFHkFHX_b
1,https://www.instagram.com/p/BZKpYmVHxux
1,https://www.instagram.com/p/BZKvgWDAdUX
1,https://www.instagram.com/p/BZL48W3lvtQ
1,https://www.instagram.com/p/BZM0JraDNQW
1,https://www.instagram.com/p/BZM42KSnPRA
1,https://www.instagram.com/p/BZNCANKFOzW
1,https://www.instagram.com/p/BZNjPcjBd1L
1,https://www.instagram.com/p/BZOGFNxl1mi
1,https://www.instagram.com/p/BZOMmLhhpC6
1,https://www.instagram.com/p/BZPe4ZSnoDe
1,https://www.instagram.com/p/BZSTHNagX2a
1,https://www.instagram.com/p/BZSTobIhjpW
1,https://www.instagram.com/p/BZSTpCfgutF
1,https://www.instagram.com/p/BZS_dP2D-7A
1,https://www.instagram.com/p/BZYCQ9uAFyN
1,https://www.instagram.com/p/BZa1DecAc2v
1,https://www.instagram.com/p/BZa8mFUlxLS
1,https://www.instagram.com/p/BZm49fnDGDA
1,https://www.instagram.com/p/BZnCik8AE89
1,https://www.instagram.com/p/BZnKXRcnfzz
1,https://www.instagram.com/p/BZoPjLSDWj0
1,https://www.instagram.com/p/BZpGj59FAnY
1,https://www.instagram.com/p/BZph3yZDcG7
1,https://www.instagram.com/p/BZqDasHnfjF
1,https://www.instagram.com/p/BZqDnn5jKZB
1,https://www.instagram.com/p/BZqGav4Houl
1,https://www.instagram.com/p/BZuYMnOHLok
1,https://www.instagram.com/p/BZurbc6j0cF
1,https://www.instagram.com/p/BZ8gzJDB-Ws
1,https://www.instagram.com/p/BZ8y0ZPAZWI
1,https://www.instagram.com/p/BZ8371FBblH
1,https://www.instagram.com/p/BZ9qQUSlbq5
1,https://www.instagram.com/p/BZ9r18ygH9y
1,https://www.instagram.com/p/BZ-eKW8HZNl
1,https://www.instagram.com/p/BaAN3-clHlR
1,https://www.instagram.com/p/BaAOSaTgSHY
1,https://www.instagram.com/p/BaAjFPIB9qN
1,https://www.instagram.com/p/BaAuZfuF28p
1,https://www.instagram.com/p/BaAz9snAp6s
1,https://www.instagram.com/p/BaC7neinPCz
1,https://www.instagram.com/p/BaKh2e5FmhZ
1,https://www.instagram.com/p/BaOv4d6HAJ_
1,https://www.instagram.com/p/BaiyxeaHbrN
1,https://www.instagram.com/p/BcSVod_BmaA
1,https://www.instagram.com/p/BcrXzayjMD1
1,https://www.instagram.com/p/BeBhaC3FDjQ
1,https://www.instagram.com/p/BeBhkbYFPCU
1,https://www.instagram.com/p/BfctWXeAnk-
1,https://www.instagram.com/p/BgBnqfwDGfU
1,https://www.instagram.com/p/BgFv21bl7ME
1,https://www.instagram.com/p/BgHBcZDFagt
1,https://www.instagram.com/p/BgIX22iFaog
1,https://www.instagram.com/p/BgIq83HlPhe
1,https://www.instagram.com/p/BgJqQQGlo4o
1,https://www.instagram.com/p/BgMBUjtlZ4a
1,https://www.instagram.com/p/BgMzpsZF7WS
1,https://www.instagram.com/p/BgM3qv6FPCX
1,https://www.instagram.com/p/BgNNZ6xFxBE
1,https://www.instagram.com/p/BgNpGvBl1xh
1,https://www.instagram.com/p/BgOoKknl-_O
1,https://www.instagram.com/p/BgOuHb4lDh7
1,https://www.instagram.com/p/BgO73CXFJd7
1,https://www.instagram.com/p/BgPnGuGlLSe
1,https://www.instagram.com/p/BgPvsFSFPny
1,https://www.instagram.com/p/BgPzW3plQqK
1,https://www.instagram.com/p/BgQWPvZlns9
1,https://www.instagram.com/p/BgQWRRQFuNs
1,https://www.instagram.com/p/BgTccHDlTKy
1,https://www.instagram.com/p/BhuuXk7l46G
1,https://www.instagram.com/p/Bi24HNJhZuL
1,https://www.instagram.com/p/BjRJr9uBZvA
1,https://www.instagram.com/p/BjZc428hCdM
1,https://www.instagram.com/p/BjZc7qnB30B
1,https://www.instagram.com/p/BkIgskpn7MY
1,https://www.instagram.com/p/BkVhm18gla2
1,https://www.instagram.com/p/BkV-IW0A1Lv
1,https://www.instagram.com/p/BlCC1mFhjdp
1,https://www.instagram.com/p/BlgTV8rgpqY
1,https://www.instagram.com/p/Bls5VWJBa9o
1,https://www.instagram.com/p/BmPZuQHAIUp
1,https://www.instagram.com/p/BmZUF31AhWe
1,https://www.instagram.com/p/Bm42I_ElFv9
1,https://www.instagram.com/p/BnACs6-At8Z
1,https://www.instagram.com/p/BoeoRYoDqtT
1,https://www.instagram.com/p/BqvaFb1g9cN
1,https://www.instagram.com/p/BqxjIaAnEBz
1,https://www.instagram.com/p/BsLS1zqh2R_
1,https://www.instagram.com/p/BsNlmx3na5w
1,https://www.instagram.com/p/BsVZZfmAfs7
1,https://www.instagram.com/p/Bsn25sggSa7
1,https://www.instagram.com/p/BspBhJUgeR0
1,https://www.instagram.com/p/BsqOHghnzd8
1,https://www.instagram.com/p/BsqRvsqAVmx
1,https://www.instagram.com/p/BsrEZA4Ask-
1,https://www.instagram.com/p/Bsr88ergczp
1,https://www.instagram.com/p/Bssx-5mAWFG
1,https://www.instagram.com/p/Bst5mK6hfIT
1,https://www.instagram.com/p/BsuZuUKg8NB
1,https://www.instagram.com/p/BsvfAG-hVvC
1,https://www.instagram.com/p/Bsw1TQtAJV3
1,https://www.instagram.com/p/Bsy_qR0gZsr
1,https://www.instagram.com/p/Bs1OdDIAXty
1,https://www.instagram.com/p/Bs5X4fXAsVN
1,https://www.instagram.com/p/Bs8J8WlAgVk
1,https://www.instagram.com/p/Bs-Ol02jaQT
1,https://www.instagram.com/p/Bs-ZSvqg0ow
1,https://www.instagram.com/p/Bs_w_zMAEdG
1,https://www.instagram.com/p/BtCrRkigI3k
1,https://www.instagram.com/p/BtJ2J1kAf2w
1,https://www.instagram.com/p/BuCryjbnliR
1,https://www.instagram.com/p/BuMuCo6nDBb
1,https://www.instagram.com/p/BunduAQhfsC
1,https://www.instagram.com/p/Bv6-nhZg_x8
1,https://www.instagram.com/p/BwOp29ah9DN
1,https://www.instagram.com/p/BwwL1F4FcQS
1,https://www.instagram.com/p/BxKJL_UH-B8
1,https://www.instagram.com/p/Bylyn_FolYS
1,https://www.instagram.com/p/B1fRRGLBSUL
1,https://www.instagram.com/p/B1fSr3hBy_9
1,https://www.instagram.com/p/B1taOgHpXBy
1,https://www.instagram.com/p/B2MH8LLgBPa
1,https://www.instagram.com/p/B3TaM7NjS00
1,https://www.instagram.com/p/B3jygRAFjUs
1,https://www.instagram.com/p/B3j10ATlEsT
1,https://www.instagram.com/p/B3kP3Jelgew
1,https://www.instagram.com/p/B3kZUn9lMGX
1,https://www.instagram.com/p/B3kZhDIlvbZ
1,https://www.instagram.com/p/B3lJQaWFkW8
1,https://www.instagram.com/p/B3mka1bFelj
1,https://www.instagram.com/p/B3mkrWAl8XD
1,https://www.instagram.com/p/B3mzOH8Fn-q
1,https://www.instagram.com/p/B3mzcNelCru
1,https://www.instagram.com/p/B3mzhPPFZ5V
1,https://www.instagram.com/p/B3mzs-plmIK
1,https://www.instagram.com/p/B3mz19RFdA2
1,https://www.instagram.com/p/B3mz8ztlw-E
1,https://www.instagram.com/p/B3m0Dt3FjHy
1,https://www.instagram.com/p/B3m0NTnFuqV
1,https://www.instagram.com/p/B3m0TUhlgSc
1,https://www.instagram.com/p/B3m_K83liVe
1,https://www.instagram.com/p/B3oHEB0HC22
1,https://www.instagram.com/p/B3qTjQtnX6O
1,https://www.instagram.com/p/B3r2fcjBI0x
1,https://www.instagram.com/p/B3vlmaengZS
1,https://www.instagram.com/p/B3vmjWSnlKR
1,https://www.instagram.com/p/B3vsRFWHPEK
1,https://www.instagram.com/p/B3vsdWGHDc2
1,https://www.instagram.com/p/B3vvnVmHktx
1,https://www.instagram.com/p/B3xAipNHbpc
1,https://www.instagram.com/p/B3zdgMEHwSn
1,https://www.instagram.com/p/B3zfjkrHzP0
1,https://www.instagram.com/p/B3zf1bVnx8P
1,https://www.instagram.com/p/B3zgXDHHlCg
1,https://www.instagram.com/p/B30xZDlA80G
1,https://www.instagram.com/p/B32JDugBi0Y
1,https://www.instagram.com/p/B32ULGXHCoY
1,https://www.instagram.com/p/B32VCl-H2yU
1,https://www.instagram.com/p/B32VzRgHNgp
1,https://www.instagram.com/p/B35WShoFTWd
1,https://www.instagram.com/p/B35WsjDFShf
1,https://www.instagram.com/p/B35W6HKlHVP
1,https://www.instagram.com/p/B359aSxnNmg
1,https://www.instagram.com/p/B3694_pl1sl
1,https://www.instagram.com/p/B38hmi1nwxO
1,https://www.instagram.com/p/B3-X5OJFB3C
1,https://www.instagram.com/p/B3-nHcmHegE
1,https://www.instagram.com/p/B3-zdFrHwSP
1,https://www.instagram.com/p/B3-3hydHIeZ
1,https://www.instagram.com/p/B3-5RnwnCvU
1,https://www.instagram.com/p/B3-5csgHsMx
1,https://www.instagram.com/p/B3-8IXBHkZD
1,https://www.instagram.com/p/B3_Utb3gTzy
1,https://www.instagram.com/p/B3_UuPUgKwR
1,https://www.instagram.com/p/B4BfPHznIlW
1,https://www.instagram.com/p/B4DvhphAcL_
1,https://www.instagram.com/p/B4FwchsARS7
1,https://www.instagram.com/p/B4JLYB8nIDG
1,https://www.instagram.com/p/B4KliFKn5wE
1,https://www.instagram.com/p/B4LRNnnBPqZ
1,https://www.instagram.com/p/B4NsBKInfdc
1,https://www.instagram.com/p/B4O4NFGA4Ks
1,https://www.instagram.com/p/B4QSx4-Heie
1,https://www.instagram.com/p/B4QYaAgJdq_
1,https://www.instagram.com/p/B4Q91LegUio
1,https://www.instagram.com/p/B4XddWLFW5h
1,https://www.instagram.com/p/B4clC0ig2Yh
1,https://www.instagram.com/p/B4c5HDwHqkf
1,https://www.instagram.com/p/B4dhXZgjiO5
1,https://www.instagram.com/p/B4dih_Rp8K0
1,https://www.instagram.com/p/B4dqi3ihCcZ
1,https://www.instagram.com/p/B4gDiKglC1q
1,https://www.instagram.com/p/B4hnvzvJHdI
1,https://www.instagram.com/p/B4jOLpzp1nx
1,https://www.instagram.com/p/B4pJ2DMHvjq
1,https://www.instagram.com/p/B4q9DAbF3y0
1,https://www.instagram.com/p/B4uU_C9J8V5
1,https://www.instagram.com/p/B4u0thvFAYI
1,https://www.instagram.com/p/B4x-Ujul-vK
1,https://www.instagram.com/p/B4x-goAFtf0
1,https://www.instagram.com/p/B4yA0SxFG8c
1,https://www.instagram.com/p/B4yA7VoFWcU
1,https://www.instagram.com/p/B4yDHJ8FMVg
1,https://www.instagram.com/p/B4yDSYBFaMr
1,https://www.instagram.com/p/B4yDgCDlmO3
1,https://www.instagram.com/p/B4yD2hLl0LZ
1,https://www.instagram.com/p/B4yEKo-ljGB
1,https://www.instagram.com/p/B4yEyNpl4P1
1,https://www.instagram.com/p/B4yGezGFe5L
1,https://www.instagram.com/p/B4yGpvNlmUi
1,https://www.instagram.com/p/B4yGz-qFynS
1,https://www.instagram.com/p/B4yHHADFwcr
1,https://www.instagram.com/p/B4yHbFpFuUK
1,https://www.instagram.com/p/B4yHi9KlQjW
1,https://www.instagram.com/p/B4yHzV6laGd
1,https://www.instagram.com/p/B4yH44ola2W
1,https://www.instagram.com/p/B4yH9iqFwJf
1,https://www.instagram.com/p/B4yIgscleaJ
1,https://www.instagram.com/p/B4yIwaWFdts
1,https://www.instagram.com/p/B4yKP0cFjGb
1,https://www.instagram.com/p/B4yKwB5l8Ka
1,https://www.instagram.com/p/B4yLCPYFc-7
1,https://www.instagram.com/p/B4yU4b2FsGR
1,https://www.instagram.com/p/B4yVCxMFhID
1,https://www.instagram.com/p/B40t_dXgMpH
1,https://www.instagram.com/p/B40wPaQlZOW
1,https://www.instagram.com/p/B41GzAOl2cd
1,https://www.instagram.com/p/B425zaNhQ9u
1,https://www.instagram.com/p/B43JzxSl2bo
1,https://www.instagram.com/p/B43N7QHBRyx
1,https://www.instagram.com/p/B43XzGfjeg-
1,https://www.instagram.com/p/B47vX9klbvB
1,https://www.instagram.com/p/B48O2T7neJF
1,https://www.instagram.com/p/B48fnUkFkJ0
1,https://www.instagram.com/p/B483W7Hl1J9
1,https://www.instagram.com/p/B49wLpSAa9e
1,https://www.instagram.com/p/B4-F8WKBtWW
1,https://www.instagram.com/p/B4_B9Z4hpbd
1,https://www.instagram.com/p/B4_Lbzpnlwc
1,https://www.instagram.com/p/B5BbDjCg6i4
1,https://www.instagram.com/p/B5CClYillxC
1,https://www.instagram.com/p/B5CCsACFPtU
1,https://www.instagram.com/p/B5D6r2ZBq94
1,https://www.instagram.com/p/B5EVEYJHCUY
1,https://www.instagram.com/p/B5EY07eg09x
1,https://www.instagram.com/p/B5Ecc_RlpXO
1,https://www.instagram.com/p/B5EdGJulHrK
1,https://www.instagram.com/p/B5EdkMSlTjK
1,https://www.instagram.com/p/B5EeJFzFXtc
1,https://www.instagram.com/p/B5EeVBFlfF2
1,https://www.instagram.com/p/B5JSToWgWbz
1,https://www.instagram.com/p/B5QnAzNg7Dt
1,https://www.instagram.com/p/B5Q3d_9nUiY
1,https://www.instagram.com/p/B5Q3hExHDn3
1,https://www.instagram.com/p/B5Q3mojnLUe
1,https://www.instagram.com/p/B5Q33t9HYCD
1,https://www.instagram.com/p/B5TigeWqhvv
1,https://www.instagram.com/p/B5U1cL6ADw-
1,https://www.instagram.com/p/B5WDQErHJHE
1,https://www.instagram.com/p/B5WGWWslI-e
1,https://www.instagram.com/p/B5W50OThgvn
1,https://www.instagram.com/p/B5biZg-jWod
1,https://www.instagram.com/p/B5cBCbKlng3
1,https://www.instagram.com/p/B5dHWCtp2jU
1,https://www.instagram.com/p/B5dY3n6Htph
1,https://www.instagram.com/p/B5df_SYlPyF
1,https://www.instagram.com/p/B5d4hSTllEh
1,https://www.instagram.com/p/B5d4l6BFyRr
1,https://www.instagram.com/p/B5d4q9Olba5
1,https://www.instagram.com/p/B5d4wyAFdKa
1,https://www.instagram.com/p/B5d42D7lvjP
1,https://www.instagram.com/p/B5fmm4IFc-J
1,https://www.instagram.com/p/B5gSzV0F7Qg
1,https://www.instagram.com/p/B5gS8hOFgeJ
1,https://www.instagram.com/p/B5jTgbjFywR
1,https://www.instagram.com/p/B5jTjFVF2Zo
1,https://www.instagram.com/p/B5jngkMA-D_
1,https://www.instagram.com/p/B5l8fUCFLnI
1,https://www.instagram.com/p/B5mG9CAJ8b2
1,https://www.instagram.com/p/B5o3BaSFcY_
1,https://www.instagram.com/p/B5q8t6ElZYo
1,https://www.instagram.com/p/B5rEUnalzCy
1,https://www.instagram.com/p/B5rUw6ynaHg
1,https://www.instagram.com/p/B5rc4ZdHs_q
1,https://www.instagram.com/p/B5rp-78lIKa
1,https://www.instagram.com/p/B5tOWoYh4Pt
1,https://www.instagram.com/p/B5tdHHSgpE2
1,https://www.instagram.com/p/B5tn63xlxCJ
1,https://www.instagram.com/p/B5vEZnil9ZZ
1,https://www.instagram.com/p/B5xupZcnRJR
1,https://www.instagram.com/p/B5yC7SHl0lz
1,https://www.instagram.com/p/B5yxb9bHsOr
1,https://www.instagram.com/p/B5yzIw8lQg5
1,https://www.instagram.com/p/B52x7wRlFGr
1,https://www.instagram.com/p/B53NwTOhyLb
1,https://www.instagram.com/p/B54JgiwlNv3
1,https://www.instagram.com/p/B54KnKOFSrC
1,https://www.instagram.com/p/B54i12EFaYB
1,https://www.instagram.com/p/B55z0n4iTGl
1,https://www.instagram.com/p/B55756LAOC4
1,https://www.instagram.com/p/B56iETWlZ13
1,https://www.instagram.com/p/B57GgpEASvR
1,https://www.instagram.com/p/B57eZwZHyam
1,https://www.instagram.com/p/B577HuoHJPf
1,https://www.instagram.com/p/B59GIYnnO4S
1,https://www.instagram.com/p/B59KmSjpgcT
1,https://www.instagram.com/p/B5_noLRFK5g
1,https://www.instagram.com/p/B6BasckBLDv
1,https://www.instagram.com/p/B6D9xmrlOHn
1,https://www.instagram.com/p/B6D-B4_Fm9l
1,https://www.instagram.com/p/B6D-oVylKpE
1,https://www.instagram.com/p/B6EAASVFaWX
1,https://www.instagram.com/p/B6EAQY7l_DZ
1,https://www.instagram.com/p/B6EBFSjF8c1
1,https://www.instagram.com/p/B6EBIb9l1vC
1,https://www.instagram.com/p/B6F1YFmnF4K
1,https://www.instagram.com/p/B6F2wE7laht
1,https://www.instagram.com/p/B6GD46opf2C
1,https://www.instagram.com/p/B6GJB_AnDew
1,https://www.instagram.com/p/B6Gkj63l1Bv
1,https://www.instagram.com/p/B6GzO8qBmSH
1,https://www.instagram.com/p/B6Gza5RBkq_
1,https://www.instagram.com/p/B6G2eriJV_h
1,https://www.instagram.com/p/B6G6ouiACG4
1,https://www.instagram.com/p/B6HN-nYAZrt
1,https://www.instagram.com/p/B6I1ZyyF9Jx
1,https://www.instagram.com/p/B6I5FAZHGsL
1,https://www.instagram.com/p/B6KTncCADhT
1,https://www.instagram.com/p/B6KZRlyFz43
1,https://www.instagram.com/p/B6LPN6IHdWt
1,https://www.instagram.com/p/B6MZCI8F34B
1,https://www.instagram.com/p/B6NdhtIH9rZ
1,https://www.instagram.com/p/B6PiWTvFVn0
1,https://www.instagram.com/p/B6QraEZFPsB
1,https://www.instagram.com/p/B6RUHKClpxM
1,https://www.instagram.com/p/B6S8gsAFF3B
1,https://www.instagram.com/p/B6TK4J_FO8i
1,https://www.instagram.com/p/B6TsMvWlseG
1,https://www.instagram.com/p/B6TsX70lUPY
1,https://www.instagram.com/p/B6T2K0rlsEd
1,https://www.instagram.com/p/B6WUWmRFkKQ
1,https://www.instagram.com/p/B6YFzk9lU7Q
1,https://www.instagram.com/p/B6Yuh_HBYWJ
1,https://www.instagram.com/p/B6ZM86AhkfC
1,https://www.instagram.com/p/B6ZNtayBUwu
1,https://www.instagram.com/p/B6ZN5tdh25j
1,https://www.instagram.com/p/B6ZmSjqg4vZ
1,https://www.instagram.com/p/B6Z4ki_F2Pg
1,https://www.instagram.com/p/B6Z4sLgF5em
1,https://www.instagram.com/p/B6Z4x3IliNa
1,https://www.instagram.com/p/B6Z5Opylrr9
1,https://www.instagram.com/p/B6awKEBhTMT
1,https://www.instagram.com/p/B6bgwpalsnL
1,https://www.instagram.com/p/B6ccjpqFLlM
1,https://www.instagram.com/p/B6ddPoNlpaH
1,https://www.instagram.com/p/B6f72DKlI2A
1,https://www.instagram.com/p/B6f72S2lkKW
1,https://www.instagram.com/p/B6g0yRghz27
1,https://www.instagram.com/p/B6hGWOOFeZz
1,https://www.instagram.com/p/B6jIp4zjv16
1,https://www.instagram.com/p/B6keH5CgOuc
1,https://www.instagram.com/p/B6mEVFOH-cx
1,https://www.instagram.com/p/B6mUISMgtDr
1,https://www.instagram.com/p/B6mUbNfFbK3
1,https://www.instagram.com/p/B6n0YlZAR42
1,https://www.instagram.com/p/B6n-gJeAGpG
1,https://www.instagram.com/p/B6oqguKlPzg
1,https://www.instagram.com/p/B6pSzHcBMp_
1,https://www.instagram.com/p/B6qfPgslAaN
1,https://www.instagram.com/p/B6qfaxzli_s
1,https://www.instagram.com/p/B6qtMcQFl2e
1,https://www.instagram.com/p/B6qyw_ohFqT
1,https://www.instagram.com/p/B6qyxlRAsYJ
1,https://www.instagram.com/p/B6q2fJXlhgq
1,https://www.instagram.com/p/B6q4NYRlnEm
1,https://www.instagram.com/p/B6q4fiMlSLJ
1,https://www.instagram.com/p/B6q5xEaFyPS
1,https://www.instagram.com/p/B6q6q64FRng
1,https://www.instagram.com/p/B6q8ZVnF30W
1,https://www.instagram.com/p/B6q9T-GFhvp
1,https://www.instagram.com/p/B6r3JNTAl2J
1,https://www.instagram.com/p/B6umT0UpBlH
1,https://www.instagram.com/p/B6uwZ35lqrv
1,https://www.instagram.com/p/B6zDv8UD82J
1,https://www.instagram.com/p/B6zFwCSDwQ1
1,https://www.instagram.com/p/B61m13hDAI6
1,https://www.instagram.com/p/B61pztFlXYS
1,https://www.instagram.com/p/B61qN1blp6M
1,https://www.instagram.com/p/B61q81MFV0U
1,https://www.instagram.com/p/B61rnVLl07M
1,https://www.instagram.com/p/B61zJbMlsqn
1,https://www.instagram.com/p/B63bQYLFRX3
1,https://www.instagram.com/p/B63enxRhMPa
1,https://www.instagram.com/p/B63gZE1B7Jn
1,https://www.instagram.com/p/B63gcAKBBji
1,https://www.instagram.com/p/B63wRSjp-jo
1,https://www.instagram.com/p/B634baTFa-A
1,https://www.instagram.com/p/B65QPSEFDUj
1,https://www.instagram.com/p/B66GudVF1xu
1,https://www.instagram.com/p/B66n7wGFxtB
1,https://www.instagram.com/p/B69KdUXgjaj
1,https://www.instagram.com/p/B7ABkHXF2Aa
1,https://www.instagram.com/p/B7BaSXTJKiy
1,https://www.instagram.com/p/B7Bfj9hlRhB
1,https://www.instagram.com/p/B7B4bLJHOHN
1,https://www.instagram.com/p/B7CFxrVpUz9
1,https://www.instagram.com/p/B7CHJVqppmD
1,https://www.instagram.com/p/B7EHQNrHAyF
1,https://www.instagram.com/p/B7Ep54BHga2
1,https://www.instagram.com/p/B7E4nMaFfa5
1,https://www.instagram.com/p/B7FCZ8yBdJz
1,https://www.instagram.com/p/B7FW_lVFr4e
1,https://www.instagram.com/p/B7GyXjGFPsI
1,https://www.instagram.com/p/B7JLW_ypGDF
1,https://www.instagram.com/p/B7Kk7GGHZNW
1,https://www.instagram.com/p/B7LQ8ooBmPH
1,https://www.instagram.com/p/B7L9ZECgKIo
1,https://www.instagram.com/p/B7MWHURAamS
1,https://www.instagram.com/p/B7QXK2mJ6Dz
1,https://www.instagram.com/p/B7RiEVYBnh8
1,https://www.instagram.com/p/B7TJe2Ll_Mw
1,https://www.instagram.com/p/B7WIjY5psao
1,https://www.instagram.com/p/B7Yf726BIVJ
1,https://www.instagram.com/p/B7ZXFGyhwYA
1,https://www.instagram.com/p/B7Z6rPMnI2Z
1,https://www.instagram.com/p/B7bo3QvpcjJ
1,https://www.instagram.com/p/B7bxorZlous
1,https://www.instagram.com/p/B7cnDreAQAz
1,https://www.instagram.com/p/B7cxEizHp1E
1,https://www.instagram.com/p/B7dWSHegmZf
1,https://www.instagram.com/p/B7drxDUFxK1
1,https://www.instagram.com/p/B7d8-V5JoBK
1,https://www.instagram.com/p/B7gjPd-l3YT
1,https://www.instagram.com/p/B7hluwjlHNC
1,https://www.instagram.com/p/B7ho5jXFgYC
1,https://www.instagram.com/p/B7ho7-JFZrI
1,https://www.instagram.com/p/B7hwj9qlpSh
1,https://www.instagram.com/p/B7jQsWZFrhy
1,https://www.instagram.com/p/B7j-zvwhaOj
1,https://www.instagram.com/p/B7kPkFhFMh0
1,https://www.instagram.com/p/B7kPuYull2Z
1,https://www.instagram.com/p/B7kPz7HlAAd
1,https://www.instagram.com/p/B7kP5yZlbZr
1,https://www.instagram.com/p/B7kP_n9lOrL
1,https://www.instagram.com/p/B7kQC25lmt8
1,https://www.instagram.com/p/B7kRQCsFvEn
1,https://www.instagram.com/p/B7kRTPCF76N
1,https://www.instagram.com/p/B7kRb8jltfN
1,https://www.instagram.com/p/B7kRlLVFoBE
1,https://www.instagram.com/p/B7kRp0MFFDA
1,https://www.instagram.com/p/B7kRzfilh5d
1,https://www.instagram.com/p/B7kR6M4FG1P
1,https://www.instagram.com/p/B7kR_dPFZX9
1,https://www.instagram.com/p/B7kSGzGF-mh
1,https://www.instagram.com/p/B7kSNe5Fw5d
1,https://www.instagram.com/p/B7kSRT7lHTy
1,https://www.instagram.com/p/B7kSUiBFneJ
1,https://www.instagram.com/p/B7kTkn6lVJp
1,https://www.instagram.com/p/B7kTu1qlMXN
1,https://www.instagram.com/p/B7kUDgFFboa
1,https://www.instagram.com/p/B7kUM2uFB12
1,https://www.instagram.com/p/B7kUnjKlRXi
1,https://www.instagram.com/p/B7kUp-AlQbU
1,https://www.instagram.com/p/B7kUtrTlXD9
1,https://www.instagram.com/p/B7kUzBOlGQH
1,https://www.instagram.com/p/B7kU5Q0Fm2A
1,https://www.instagram.com/p/B7kbUsNFG3u
1,https://www.instagram.com/p/B7krhofnuss
1,https://www.instagram.com/p/B7mRAJeAsDd
1,https://www.instagram.com/p/B7mc7JPFrQD
1,https://www.instagram.com/p/B7mc_fSlxa9
1,https://www.instagram.com/p/B7mdEGtlLg-
1,https://www.instagram.com/p/B7mdM5YlZJZ
1,https://www.instagram.com/p/B7mg-gBFFSN
1,https://www.instagram.com/p/B7mhMMeFBBb
1,https://www.instagram.com/p/B7mhSpuF0xv
1,https://www.instagram.com/p/B7mhgeQlGbr
1,https://www.instagram.com/p/B7mhlPYFb4z
1,https://www.instagram.com/p/B7miiwflGsP
1,https://www.instagram.com/p/B7mldBUF45M
1,https://www.instagram.com/p/B7mzwO_FPZ2
1,https://www.instagram.com/p/B7oAcJrnPTP
1,https://www.instagram.com/p/B7o43MGnDgU
1,https://www.instagram.com/p/B7pMxnmlS3t
1,https://www.instagram.com/p/B7pYslQFw-Z
1,https://www.instagram.com/p/B7rxrsppcMH
1,https://www.instagram.com/p/B7sXcoYpO3g
1,https://www.instagram.com/p/B7tTQeMJDb0
1,https://www.instagram.com/p/B7ta8ZpFck-
1,https://www.instagram.com/p/B7tplF5J8M_
1,https://www.instagram.com/p/B7tptjspiXn
1,https://www.instagram.com/p/B7tpz8aJJQN
1,https://www.instagram.com/p/B7v49dvgLim
1,https://www.instagram.com/p/B7v7dH5gAgt
1,https://www.instagram.com/p/B7yHyP8FqTC
1,https://www.instagram.com/p/B7zWrDYH6HD
1,https://www.instagram.com/p/B7zfBgTH-zm
1,https://www.instagram.com/p/B7zqvJhA5ee
1,https://www.instagram.com/p/B72O7_mgR3E
1,https://www.instagram.com/p/B72Q9lbDAr6
1,https://www.instagram.com/p/B72TPjtBX3P
1,https://www.instagram.com/p/B73hSsola__
1,https://www.instagram.com/p/B73vZafHn-c
1,https://www.instagram.com/p/B75pLLXpbmY
1,https://www.instagram.com/p/B78-ZN9HLwn
1,https://www.instagram.com/p/B79I90RFLmi
1,https://www.instagram.com/p/B79JAFXFLIF
1,https://www.instagram.com/p/B79JDrbF8zS
1,https://www.instagram.com/p/B79JFvklc_M
1,https://www.instagram.com/p/B79JI6PFhcl
1,https://www.instagram.com/p/B79JLwdF2rV
1,https://www.instagram.com/p/B79JNyWlv6z
1,https://www.instagram.com/p/B79JTU6F5aN
1,https://www.instagram.com/p/B79JVNrFPZZ
1,https://www.instagram.com/p/B79JsPvJnX0
1,https://www.instagram.com/p/B7_QnhNFytp
1,https://www.instagram.com/p/B7_S-jvnCjd
1,https://www.instagram.com/p/B8AI4EkA75s
1,https://www.instagram.com/p/B8AePo8HfoZ
1,https://www.instagram.com/p/B8A4MWVB1WP
1,https://www.instagram.com/p/B8BKErXACP4
1,https://www.instagram.com/p/B8CGLsnFjv2
1,https://www.instagram.com/p/B8CGRpxlhTO
1,https://www.instagram.com/p/B8CG0y0lKBf
1,https://www.instagram.com/p/B8CJTu1l5w2
1,https://www.instagram.com/p/B8EO-V2HPSA
1,https://www.instagram.com/p/B8LBGRcDFu_
1,https://www.instagram.com/p/B8M7qoVFOK3
1,https://www.instagram.com/p/B8OyheOl3eI
1,https://www.instagram.com/p/B8POrGsnvhe
1,https://www.instagram.com/p/B8P0hQkHqeC
1,https://www.instagram.com/p/B8P4QJvlg8X
1,https://www.instagram.com/p/B8QLIQ6hNw1
1,https://www.instagram.com/p/B8Ry2O_pNEd
1,https://www.instagram.com/p/B8S0Oa8gz73
1,https://www.instagram.com/p/B8ZI192hujo
1,https://www.instagram.com/p/B8ZZD_OlFEA
1,https://www.instagram.com/p/B8Zmh0mABD_
1,https://www.instagram.com/p/B8aOkNbl2_5
1,https://www.instagram.com/p/B8bhMRDF2dB
1,https://www.instagram.com/p/B8cfy2igH2t
1,https://www.instagram.com/p/B8ct6fehB8P
1,https://www.instagram.com/p/B8eutJACYGB
1,https://www.instagram.com/p/B8gvYquFAa7
1,https://www.instagram.com/p/B8iDX8bDEcx
1,https://www.instagram.com/p/B8kf1GHF034
1,https://www.instagram.com/p/B8mjbmTnxkj
1,https://www.instagram.com/p/B8mlgK4HVh5
1,https://www.instagram.com/p/B8mmzs-nxc0
1,https://www.instagram.com/p/B8mn91tnwdN
1,https://www.instagram.com/p/B8mprr6nuHw
1,https://www.instagram.com/p/B8mqrq1HNr4
1,https://www.instagram.com/p/B8oCTPOovx_
1,https://www.instagram.com/p/B8pOMbzH6xu
1,https://www.instagram.com/p/B8rqyS9nuuF
1,https://www.instagram.com/p/B8sKNgjlb5m
1,https://www.instagram.com/p/B8tuRQ2HZ2o
1,https://www.instagram.com/p/B8tv2BEhSTJ
1,https://www.instagram.com/p/B8t0AAUCNOG
1,https://www.instagram.com/p/B8t6DrfnEIm
1,https://www.instagram.com/p/B8vlaH8p1mv
1,https://www.instagram.com/p/B8zDr2IFyWY
1,https://www.instagram.com/p/B81pa8Mgf0z
1,https://www.instagram.com/p/B81uOrqBfHC
1,https://www.instagram.com/p/B82d68AgYMb
1,https://www.instagram.com/p/B84lWNBFlyb
1,https://www.instagram.com/p/B87MzbdnPUH
1,https://www.instagram.com/p/B87M5e9HFeA
1,https://www.instagram.com/p/B87M6SzHCmk
1,https://www.instagram.com/p/B87M7U5nHjY
1,https://www.instagram.com/p/B87M8r8HB-8
1,https://www.instagram.com/p/B87M9zGnAfz
1,https://www.instagram.com/p/B87M-Z0nnH8
1,https://www.instagram.com/p/B87M_sgnDla
1,https://www.instagram.com/p/B87NAhtn1oV
1,https://www.instagram.com/p/B87NBo1n2N-
1,https://www.instagram.com/p/B87NCnZn0sl
1,https://www.instagram.com/p/B88_MS2FTAW
1,https://www.instagram.com/p/B8-NMrClVUK
1,https://www.instagram.com/p/B8-Q0U6nKDu
1,https://www.instagram.com/p/B8-wVysBUV5
1,https://www.instagram.com/p/B9BLbRKpy9U
1,https://www.instagram.com/p/B9DZEdaFXsm
1,https://www.instagram.com/p/B9D685KF0DE
1,https://www.instagram.com/p/B9E9aDSlhEs
1,https://www.instagram.com/p/B9FfCuFHxua
1,https://www.instagram.com/p/B9FfNy0H8kW
1,https://www.instagram.com/p/B9FfYZwHQ72
1,https://www.instagram.com/p/B9FfbI6n7LP
1,https://www.instagram.com/p/B9Fp5AiHABB
1,https://www.instagram.com/p/B9HlYErBBKu
1,https://www.instagram.com/p/B9H4_xJJjjk
1,https://www.instagram.com/p/B9IS6p2HZDe
1,https://www.instagram.com/p/B9LxJUEl_fW
1,https://www.instagram.com/p/B9MYNSWDWlO
1,https://www.instagram.com/p/B9Mwd38FagQ
1,https://www.instagram.com/p/B9OGjO6gMI8
1,https://www.instagram.com/p/B9PYs_5BopI
1,https://www.instagram.com/p/B9Rxly-nTUx
1,https://www.instagram.com/p/B9SP1HbFnv6
1,https://www.instagram.com/p/B9S6r4Jl4xj
1,https://www.instagram.com/p/B9Ux4ItnU-l
1,https://www.instagram.com/p/B9U_co3gYV6
1,https://www.instagram.com/p/B9V0_W8lhsO
1,https://www.instagram.com/p/B9W2mDjjidF
1,https://www.instagram.com/p/B9XPChTiBEY
1,https://www.instagram.com/p/B9YCqQwlJYE
1,https://www.instagram.com/p/B9YDLqQp1tO
1,https://www.instagram.com/p/B9ZzSfCJIRp
1,https://www.instagram.com/p/B9aH7nXBZCK
1,https://www.instagram.com/p/B9e1-VHJ5Pn
1,https://www.instagram.com/p/B9fPcs7Dqmw
1,https://www.instagram.com/p/B9fX5SDnKm-
1,https://www.instagram.com/p/B9fYEhCnpQT
1,https://www.instagram.com/p/B9fYOqnnddp
1,https://www.instagram.com/p/B9fYTIrnbcV
1,https://www.instagram.com/p/B9fYZ6cH_SJ
1,https://www.instagram.com/p/B9fiK5JDY09
1,https://www.instagram.com/p/B9hZ0t-Fy9o
1,https://www.instagram.com/p/B9hyse2FWnJ
1,https://www.instagram.com/p/B9h3DRYhvUa
1,https://www.instagram.com/p/B9h3N7kBKa3
1,https://www.instagram.com/p/B9h4imClGc_
1,https://www.instagram.com/p/B9jdAW5jg3v
1,https://www.instagram.com/p/B9jvY4KlkeA
1,https://www.instagram.com/p/B9j-1HAnZjo
1,https://www.instagram.com/p/B9kHkM5pk2G
1,https://www.instagram.com/p/B9k11lMlDS4
1,https://www.instagram.com/p/B9mkf42npJr
1,https://www.instagram.com/p/B9mkm7Pnq9M
1,https://www.instagram.com/p/B9mlErZn1HE
1,https://www.instagram.com/p/B9mmRwUHRPH
1,https://www.instagram.com/p/B9mm93el74z
1,https://www.instagram.com/p/B9mryjBpkm6
1,https://www.instagram.com/p/B9nLvJGqYSH
1,https://www.instagram.com/p/B9nL6OcqX-P
1,https://www.instagram.com/p/B9oTUT2DYvq
1,https://www.instagram.com/p/B9oZYTtF0YQ
1,https://www.instagram.com/p/B9o2nMaHoUQ
1,https://www.instagram.com/p/B9o8DOzHRL4
1,https://www.instagram.com/p/B9pETpNnQ7J
1,https://www.instagram.com/p/B9pR_1WH5U_
1,https://www.instagram.com/p/B9qkE7qnPhK
1,https://www.instagram.com/p/B9r6m8YALqM
1,https://www.instagram.com/p/B9sSzEeFt1c
1,https://www.instagram.com/p/B9tUWkbn0Rg
1,https://www.instagram.com/p/B9t7xdQgqZw
1,https://www.instagram.com/p/B9uAIt-DoyA
1,https://www.instagram.com/p/B9vP-9hFbtX
1,https://www.instagram.com/p/B9wMHzgKA11
1,https://www.instagram.com/p/B9wRbaQlj8N
1,https://www.instagram.com/p/B9wSHIyFMr0
1,https://www.instagram.com/p/B9wSJ9VlTyO
1,https://www.instagram.com/p/B9wXq6ADJpF
1,https://www.instagram.com/p/B9xTjU0nrS8
1,https://www.instagram.com/p/B9xk3-Mjm7W
1,https://www.instagram.com/p/B9yCRXjHBw3
1,https://www.instagram.com/p/B9zR3TlnDzw
1,https://www.instagram.com/p/B9zeRSGHzf0
1,https://www.instagram.com/p/B9zqXr3FJna
1,https://www.instagram.com/p/B9zqsMtl8ZS
1,https://www.instagram.com/p/B9z9H7rnSYx
1,https://www.instagram.com/p/B90OHo9lvNB
1,https://www.instagram.com/p/B91kHQnnNrK
1,https://www.instagram.com/p/B91-0mYpNZh
1,https://www.instagram.com/p/B92UkhjnKJ9
1,https://www.instagram.com/p/B9216FrH2Jk
1,https://www.instagram.com/p/B93j825qbNV
1,https://www.instagram.com/p/B94Gn7kn2Af
1,https://www.instagram.com/p/B94HHqxF5R8
1,https://www.instagram.com/p/B94IBDpAnmh
1,https://www.instagram.com/p/B96xeEKFsDO
1,https://www.instagram.com/p/B97clz6H7Fa
1,https://www.instagram.com/p/B98mgAjoGii
1,https://www.instagram.com/p/B99ss0yJpOB
1,https://www.instagram.com/p/B991X0SF1sR
1,https://www.instagram.com/p/B9-Kf0KANF_
1,https://www.instagram.com/p/B9-ZLuAB9nv
1,https://www.instagram.com/p/B9_AcRPJDZt
1,https://www.instagram.com/p/B9_LIq5HgtT
1,https://www.instagram.com/p/B9_qJL-l-GV
1,https://www.instagram.com/p/B-ACNzbpv1l
1,https://www.instagram.com/p/B-ALEytABRd
1,https://www.instagram.com/p/B-AbV9cJfJ-
1,https://www.instagram.com/p/B-AcYp9H9jN
1,https://www.instagram.com/p/B-AgUupAx1h
1,https://www.instagram.com/p/B-Akb96nzmR
1,https://www.instagram.com/p/B-AsmXQBuIj
1,https://www.instagram.com/p/B-CLp_RDZdD
1,https://www.instagram.com/p/B-CM4DSHsTH
1,https://www.instagram.com/p/B-CgyhEFsGq
1,https://www.instagram.com/p/B-ChVSQFxH2
1,https://www.instagram.com/p/B-CjQs5p5T9
1,https://www.instagram.com/p/B-CjorkDyJM
1,https://www.instagram.com/p/B-CvbPbBY7i
1,https://www.instagram.com/p/B-DGxwrn4GY
1,https://www.instagram.com/p/B-Dh7MVhFse
1,https://www.instagram.com/p/B-Dh9fNBTRt
1,https://www.instagram.com/p/B-Dh_eBBQZ2
1,https://www.instagram.com/p/B-DiBwvB6QM
1,https://www.instagram.com/p/B-FaaSonpk9
1,https://www.instagram.com/p/B-Fb1D_A0Di
1,https://www.instagram.com/p/B-FhYj2hYxO
1,https://www.instagram.com/p/B-Fkg9XnmYh
1,https://www.instagram.com/p/B-FzIHxhfbv
1,https://www.instagram.com/p/B-FzoAlB65t
1,https://www.instagram.com/p/B-F1O0LnRYM
1,https://www.instagram.com/p/B-F117Anxjv
1,https://www.instagram.com/p/B-HhhGtBJGv
1,https://www.instagram.com/p/B-HhlF_ByWn
1,https://www.instagram.com/p/B-HxOfqplxv
1,https://www.instagram.com/p/B-H6UzqFxbX
1,https://www.instagram.com/p/B-H9gFxhcp2
1,https://www.instagram.com/p/B-IAjEOlDdI
1,https://www.instagram.com/p/B-ILEC6nj5N
1,https://www.instagram.com/p/B-IOPBnFYKY
1,https://www.instagram.com/p/B-JAl-TF95m
1,https://www.instagram.com/p/B-J9xwFnS9U
1,https://www.instagram.com/p/B-J_VsCjHaT
1,https://www.instagram.com/p/B-KAhyGhIZo
1,https://www.instagram.com/p/B-KLg9kFrA0
1,https://www.instagram.com/p/B-KSYmUpt6E
1,https://www.instagram.com/p/B-KUxonj_2X
1,https://www.instagram.com/p/B-KU8EvD9dr
1,https://www.instagram.com/p/B-KXaIYpCm5
1,https://www.instagram.com/p/B-KeLRGBCPv
1,https://www.instagram.com/p/B-KieqLpH7H
1,https://www.instagram.com/p/B-KmQlhnNgt
1,https://www.instagram.com/p/B-KmTrNnTi8
1,https://www.instagram.com/p/B-KpCVBn3HB
1,https://www.instagram.com/p/RKpASwgKcq
1,https://www.instagram.com/p/RN_CXAl9r_
1,https://www.instagram.com/p/RQIufIF9k5
1,https://www.instagram.com/p/RQJjJJl9li
1,https://www.instagram.com/p/RQJ94XF9l3
1,https://www.instagram.com/p/RVXVLql9tm
1,https://www.instagram.com/p/RlPMYNF9hQ
1,https://www.instagram.com/p/RlnRIBF9r8
1,https://www.instagram.com/p/RvVwDfR5cH
1,https://www.instagram.com/p/RwLpAsAYrY
1,https://www.instagram.com/p/Rxh0XBDIqB
1,https://www.instagram.com/p/RxpGu2sqJQ
1,https://www.instagram.com/p/R6MauXl9nE
1,https://www.instagram.com/p/SWO6uIF9sm
1,https://www.instagram.com/p/W4eEUIil7l
1,https://www.instagram.com/p/XacilIP-GO
1,https://www.instagram.com/p/Xdu3ABCFZ_
1,https://www.instagram.com/p/XhXBxMn5AP
1,https://www.instagram.com/p/XneqXjhupE
1,https://www.instagram.com/p/YEF5gquCYd
1,https://www.instagram.com/p/ZA9bSoGi10
1,https://www.instagram.com/p/aPIdMSMddn
1,https://www.instagram.com/p/bCkAn4IOWN
1,https://www.instagram.com/p/ckT0VHJORX
1,https://www.instagram.com/p/ckfo4OpOYZ
1,https://www.instagram.com/p/djQVg4CoCK
1,https://www.instagram.com/p/dqEdWHlpHk
1,https://www.instagram.com/p/eo7WEUlr79
1,https://www.instagram.com/p/fSggB3geMU
1,https://www.instagram.com/p/fZfGrynE7V
1,https://www.instagram.com/p/ipNME6Ec5z
1,https://www.instagram.com/p/izVIflokrz
1,https://www.instagram.com/p/izl-zrokmv
1,https://www.instagram.com/p/jetiGTIMhG
1,https://www.instagram.com/p/kH436fAaLy
1,https://www.instagram.com/p/leXslExPs5
1,https://www.instagram.com/p/lfKbeLPprU
1,https://www.instagram.com/p/mqcueqNrtQ
1,https://www.instagram.com/p/owKbJnMe0P
1,https://www.instagram.com/p/sxDkdkLJcS
1,https://www.instagram.com/p/sxxHAlOc3p
1,https://www.instagram.com/p/s8NQKvrSaL
1,https://www.instagram.com/p/s-IRfPrSf4
1,https://www.instagram.com/p/uL-eCKGrz1
1,https://www.instagram.com/p/v_XcE1ooq6
1,https://www.instagram.com/p/w241XsRGss
1,https://www.instagram.com/p/w47QVuk_Tw
1,https://www.instagram.com/p/w48Ygak_Vh
1,https://www.instagram.com/p/xRNy1QHWCI
1,https://www.instagram.com/p/xRO7gdHWDq
1,https://www.instagram.com/p/1B7_wEr88-
1,https://www.instagram.com/p/21Q8yoyEy1
1,https://www.instagram.com/p/3K7mgZrR7y
0,https://www.instagram.com/p/BIlWb0ZjxeO
0,https://www.instagram.com/p/BXm7nvXArZt
0,https://www.instagram.com/p/BXqPNCGg1us
0,https://www.instagram.com/p/BX5bd63ghsL
0,https://www.instagram.com/p/BaRdHFYD2WW
0,https://www.instagram.com/p/Baco-C3Fvqi
0,https://www.instagram.com/p/BajA_N7lsXx
0,https://www.instagram.com/p/Bb-MceCltNp
0,https://www.instagram.com/p/BcDIFVgFPFF
0,https://www.instagram.com/p/BcXoz3LnTsg
0,https://www.instagram.com/p/BcZd3o_lT2L
0,https://www.instagram.com/p/BdLJw2DlY18
0,https://www.instagram.com/p/BeQY8DbFIRQ
0,https://www.instagram.com/p/BeiX8yRlVy6
0,https://www.instagram.com/p/BejDuv0lxG0
0,https://www.instagram.com/p/BelbUQ-lOjm
0,https://www.instagram.com/p/BfTGBxYl_FJ
0,https://www.instagram.com/p/Bfk8V1MDei4
0,https://www.instagram.com/p/Bf1ctZDlahQ
0,https://www.instagram.com/p/BlEBscdgOka
0,https://www.instagram.com/p/BlN0rSLnlWv
0,https://www.instagram.com/p/BlfDPi7l_Pb
0,https://www.instagram.com/p/BlkVHQdlsow
0,https://www.instagram.com/p/BlvIKEXnbQ7
0,https://www.instagram.com/p/BpC2xXjn_V-
0,https://www.instagram.com/p/BpFmG50F2Fj
0,https://www.instagram.com/p/BpcG91JFPju
0,https://www.instagram.com/p/BqfaphLAyh7
0,https://www.instagram.com/p/BqiA-Rlgxsc
0,https://www.instagram.com/p/BqlFmpMA2pE
0,https://www.instagram.com/p/BsF9XTFHYt1
0,https://www.instagram.com/p/Bt-07V2naaL
0,https://www.instagram.com/p/BvGLQPMgQuL
0,https://www.instagram.com/p/BvlJHNrgMAE
0,https://www.instagram.com/p/Bv6BM_ZFvvK
0,https://www.instagram.com/p/BxH9eTXHMH6
0,https://www.instagram.com/p/ByqCKnaipd7
0,https://www.instagram.com/p/ByxcX2nIAoP
0,https://www.instagram.com/p/ByxuXFBiOwP
0,https://www.instagram.com/p/BzA7qmBoecg
0,https://www.instagram.com/p/BzF0kw9owkT
0,https://www.instagram.com/p/BzbfdZinD-2
0,https://www.instagram.com/p/Bzpm4lICyE8
0,https://www.instagram.com/p/Bz3d_Z-i-GJ
0,https://www.instagram.com/p/Bz84HWfjO-U
0,https://www.instagram.com/p/B0YXmOSo9r5
0,https://www.instagram.com/p/B0YjvJoln3Z
0,https://www.instagram.com/p/B0Yj1pXlwdY
0,https://www.instagram.com/p/B0ah2mTIH6K
0,https://www.instagram.com/p/B1mahZHnX8I
0,https://www.instagram.com/p/B2Y6rwwIdEk
0,https://www.instagram.com/p/B3Pd_5UHCW1
0,https://www.instagram.com/p/B34Nh6FBqCL
0,https://www.instagram.com/p/B4BGy0ChwFA
0,https://www.instagram.com/p/B4G3M_KpNsZ
0,https://www.instagram.com/p/B4HvzSXByGl
0,https://www.instagram.com/p/B4JdF9Cn_vy
0,https://www.instagram.com/p/B4J1rchJE6K
0,https://www.instagram.com/p/B4MWJR4HKkI
0,https://www.instagram.com/p/B4Mn2PAHi8Y
0,https://www.instagram.com/p/B4M5pwynqWt
0,https://www.instagram.com/p/B4Ok0cIHr0d
0,https://www.instagram.com/p/B4PV_1nD7hQ
0,https://www.instagram.com/p/B4RmGJgHF7n
0,https://www.instagram.com/p/B4SjS-EJwne
0,https://www.instagram.com/p/B4TtahyHso5
0,https://www.instagram.com/p/B4T6iu6H9ZV
0,https://www.instagram.com/p/B4Ux_MQJBcn
0,https://www.instagram.com/p/B4VASPMnvKz
0,https://www.instagram.com/p/B4VNilih7q2
0,https://www.instagram.com/p/B4WLlZpJdmL
0,https://www.instagram.com/p/B4WaDQjH6Lu
0,https://www.instagram.com/p/B4XnDs4HW3X
0,https://www.instagram.com/p/B4Y36CKnmmJ
0,https://www.instagram.com/p/B4Z_sGLH6oQ
0,https://www.instagram.com/p/B4bb_gNn7gi
0,https://www.instagram.com/p/B4btXllHo91
0,https://www.instagram.com/p/B4cWK-0AyaU
0,https://www.instagram.com/p/B4c5ekfpgBP
0,https://www.instagram.com/p/B4eGVKiHEXS
0,https://www.instagram.com/p/B4hNJ11plMg
0,https://www.instagram.com/p/B4hVswlqBIE
0,https://www.instagram.com/p/B4hbfOLHLlA
0,https://www.instagram.com/p/B4ij9D7gTt4
0,https://www.instagram.com/p/B4jVSeynCTf
0,https://www.instagram.com/p/B4lpq4YnwCD
0,https://www.instagram.com/p/B4luRrinDCb
0,https://www.instagram.com/p/B4l3oWEJv24
0,https://www.instagram.com/p/B4mIteznuVe
0,https://www.instagram.com/p/B4ma1j2Hwqc
0,https://www.instagram.com/p/B4nLijcAiMo
0,https://www.instagram.com/p/B4oTBn7HzXi
0,https://www.instagram.com/p/B4onmhFnAxY
0,https://www.instagram.com/p/B4q30fdHVBt
0,https://www.instagram.com/p/B4rbFhEgoli
0,https://www.instagram.com/p/B4rePlNJieb
0,https://www.instagram.com/p/B4ttFZPHMog
0,https://www.instagram.com/p/B4wGiCcHhFl
0,https://www.instagram.com/p/B4wQ3Obni7o
0,https://www.instagram.com/p/B4ys4ItB8jp
0,https://www.instagram.com/p/B4zzOKmgVzT
0,https://www.instagram.com/p/B41LC7lhq5a
0,https://www.instagram.com/p/B41U0_0JdHQ
0,https://www.instagram.com/p/B42Gegjlmm6
0,https://www.instagram.com/p/B42h9oJn7OO
0,https://www.instagram.com/p/B437Chrn9G-
0,https://www.instagram.com/p/B44T2--FOqq
0,https://www.instagram.com/p/B46RRybJCow
0,https://www.instagram.com/p/B46Uu8jnJsg
0,https://www.instagram.com/p/B485Y76nvl6
0,https://www.instagram.com/p/B496lJWHQJm
0,https://www.instagram.com/p/B4_qWyMHBcJ
0,https://www.instagram.com/p/B5CKPAInn5Z
0,https://www.instagram.com/p/B5CLl6Tp9Rc
0,https://www.instagram.com/p/B5Db4bjjB55
0,https://www.instagram.com/p/B5D0SOeACwE
0,https://www.instagram.com/p/B5EpdX1Jk73
0,https://www.instagram.com/p/B5Ew7YbgOVE
0,https://www.instagram.com/p/B5H6npTnAXO
0,https://www.instagram.com/p/B5PbZw0BTqB
0,https://www.instagram.com/p/B5P3EcPlLNv
0,https://www.instagram.com/p/B5SCy36lUA4
0,https://www.instagram.com/p/B5SYTYRnSxx
0,https://www.instagram.com/p/B5SZ1yvHYJ0
0,https://www.instagram.com/p/B5UEhR1HxqN
0,https://www.instagram.com/p/B5ULv6GJh2_
0,https://www.instagram.com/p/B5UfBKRngK-
0,https://www.instagram.com/p/B5UndnjllZJ
0,https://www.instagram.com/p/B5Uwof_nmQ4
0,https://www.instagram.com/p/B5VSn9KnE46
0,https://www.instagram.com/p/B5Ww35hJsul
0,https://www.instagram.com/p/B5ZPLOmnlW3
0,https://www.instagram.com/p/B5ZUssipzgA
0,https://www.instagram.com/p/B5b_89qpuSw
0,https://www.instagram.com/p/B5cD3ItARhN
0,https://www.instagram.com/p/B5cHHSVp4QG
0,https://www.instagram.com/p/B5eYMdOHpYC
0,https://www.instagram.com/p/B5emjSLJMmj
0,https://www.instagram.com/p/B5fU7TqD8l6
0,https://www.instagram.com/p/B5g8xtSnWbx
0,https://www.instagram.com/p/B5g_lvonzUI
0,https://www.instagram.com/p/B5jq7BTpNQz
0,https://www.instagram.com/p/B5lKb-jDBr3
0,https://www.instagram.com/p/B5mGSjNnbrM
0,https://www.instagram.com/p/B5mVusdDbEK
0,https://www.instagram.com/p/B5mji5IHtPY
0,https://www.instagram.com/p/B5mw63gn4yF
0,https://www.instagram.com/p/B5m6OD1nPbx
0,https://www.instagram.com/p/B5n1l2cHXRd
0,https://www.instagram.com/p/B5oZoI1gINQ
0,https://www.instagram.com/p/B5oxBs4nic2
0,https://www.instagram.com/p/B5o6NNQnUpX
0,https://www.instagram.com/p/B5o9IArJeX6
0,https://www.instagram.com/p/B5pxo3MHB_R
0,https://www.instagram.com/p/B5qbm9blctT
0,https://www.instagram.com/p/B5rLKJFHGla
0,https://www.instagram.com/p/B5raXAdnoc1
0,https://www.instagram.com/p/B5reg0Cprvo
0,https://www.instagram.com/p/B5t--o1gmpA
0,https://www.instagram.com/p/B5uF6Pkpo5o
0,https://www.instagram.com/p/B5vkMF-HOA-
0,https://www.instagram.com/p/B5xJ8tPHzg7
0,https://www.instagram.com/p/B5xKL5tp2LB
0,https://www.instagram.com/p/B5xLekvnzpF
0,https://www.instagram.com/p/B5x4uvXAF2S
0,https://www.instagram.com/p/B5y_DqbnOwC
0,https://www.instagram.com/p/B51jyG4HjY5
0,https://www.instagram.com/p/B51vtlvp6rz
0,https://www.instagram.com/p/B526qfJhLC-
0,https://www.instagram.com/p/B54KdYIHssV
0,https://www.instagram.com/p/B54OTNBJlmt
0,https://www.instagram.com/p/B55TUS5FvjF
0,https://www.instagram.com/p/B55UEJLJujV
0,https://www.instagram.com/p/B56oNXRFIk7
0,https://www.instagram.com/p/B56sinKnZrD
0,https://www.instagram.com/p/B57ACsSJCA4
0,https://www.instagram.com/p/B57RmmeJ7eU
0,https://www.instagram.com/p/B57gqBznBX3
0,https://www.instagram.com/p/B5-AcqynJIq
0,https://www.instagram.com/p/B6ARRpxHJnY
0,https://www.instagram.com/p/B6BgAiqBdcf
0,https://www.instagram.com/p/B6CbkylHSrY
0,https://www.instagram.com/p/B6C4Owhh6Q3
0,https://www.instagram.com/p/B6DQG4SHbHO
0,https://www.instagram.com/p/B6DQRo4JEz_
0,https://www.instagram.com/p/B6DjaY6Bmvq
0,https://www.instagram.com/p/B6FBN7CnvM9
0,https://www.instagram.com/p/B6Hkne6pL-u
0,https://www.instagram.com/p/B6HlqAqH2M1
0,https://www.instagram.com/p/B6HnYLjBjkn
0,https://www.instagram.com/p/B6Ir_oLBtd4
0,https://www.instagram.com/p/B6ItUzfhWMy
0,https://www.instagram.com/p/B6JQYDPhbje
0,https://www.instagram.com/p/B6KTPxlJWZ0
0,https://www.instagram.com/p/B6L1B1Vh_DM
0,https://www.instagram.com/p/B6Mv_akJl6e
0,https://www.instagram.com/p/B6PZ-oNpHf0
0,https://www.instagram.com/p/B6QGqlcJ2NB
0,https://www.instagram.com/p/B6QReG7B9bo
0,https://www.instagram.com/p/B6R469sJcy2
0,https://www.instagram.com/p/B6UnMgBJdBc
0,https://www.instagram.com/p/B6Vyc2UnIZU
0,https://www.instagram.com/p/B6W9aIwH1WB
0,https://www.instagram.com/p/B6ZOuu8pIcZ
0,https://www.instagram.com/p/B6ZstDkHGLK
0,https://www.instagram.com/p/B6ZyYFdHKqJ
0,https://www.instagram.com/p/B6aDGAXJNUH
0,https://www.instagram.com/p/B6aij09BFAU
0,https://www.instagram.com/p/B6apcTMHpFN
0,https://www.instagram.com/p/B6bA32Qlljb
0,https://www.instagram.com/p/B6bBgiIgB-b
0,https://www.instagram.com/p/B6bIgG4jYjm
0,https://www.instagram.com/p/B6cTznUnstG
0,https://www.instagram.com/p/B6cUiaRnmdU
0,https://www.instagram.com/p/B6chpaKnu-v
0,https://www.instagram.com/p/B6chvRRHe4G
0,https://www.instagram.com/p/B6cmmPRHnFX
0,https://www.instagram.com/p/B6cm0KYH62Y
0,https://www.instagram.com/p/B6dChqcnaDo
0,https://www.instagram.com/p/B6hqZmGJl3o
0,https://www.instagram.com/p/B6icWFrHhvF
0,https://www.instagram.com/p/B6jXe66B8YH
0,https://www.instagram.com/p/B6nEZbZAKnd
0,https://www.instagram.com/p/B6oAXtNDgFf
0,https://www.instagram.com/p/B6pT-4zjuyg
0,https://www.instagram.com/p/B6rlP5sndq-
0,https://www.instagram.com/p/B6rycaZgZ8F
0,https://www.instagram.com/p/B6r0rlpgSCl
0,https://www.instagram.com/p/B6r1RkfHtAY
0,https://www.instagram.com/p/B6tON9ZnFSV
0,https://www.instagram.com/p/B6v1TTvnhiT
0,https://www.instagram.com/p/B6wnW0WHHHM
0,https://www.instagram.com/p/B6w4xW8pwnV
0,https://www.instagram.com/p/B6w6qvPpssD
0,https://www.instagram.com/p/B6xzPb6Fhcc
0,https://www.instagram.com/p/B6yU6DynH8M
0,https://www.instagram.com/p/B6yx10RBrud
0,https://www.instagram.com/p/B607vhIn_8j
0,https://www.instagram.com/p/B61GZt2Hepq
0,https://www.instagram.com/p/B6429SxBIQX
0,https://www.instagram.com/p/B66YoRuBUwg
0,https://www.instagram.com/p/B66ZyfLBCPE
0,https://www.instagram.com/p/B66Z0I2h7A1
0,https://www.instagram.com/p/B66Z1fVhrcC
0,https://www.instagram.com/p/B66Z3flB0Bp
0,https://www.instagram.com/p/B66Z68mhKBO
0,https://www.instagram.com/p/B66Z87GBco5
0,https://www.instagram.com/p/B66Z-tLhnfB
0,https://www.instagram.com/p/B66aAODhW-t
0,https://www.instagram.com/p/B66aHZ-BvGW
0,https://www.instagram.com/p/B66aIpQhWlz
0,https://www.instagram.com/p/B66amwWhkqq
0,https://www.instagram.com/p/B67dJfrA8s3
0,https://www.instagram.com/p/B67f62DjZIa
0,https://www.instagram.com/p/B7DJjg9Jx0S
0,https://www.instagram.com/p/B7EmJMGFSOg
0,https://www.instagram.com/p/B7FgEc7JnKJ
0,https://www.instagram.com/p/B7H9ZgXpVrH
0,https://www.instagram.com/p/B7LRF41pPri
0,https://www.instagram.com/p/B7NRhB9Aoct
0,https://www.instagram.com/p/B7OmhRzJaLl
0,https://www.instagram.com/p/B7OzNyPg2j8
0,https://www.instagram.com/p/B7P6sExJcVG
0,https://www.instagram.com/p/B7SV-YVJOgn
0,https://www.instagram.com/p/B7V4h7bh6bC
0,https://www.instagram.com/p/B7XVbygAkUn
0,https://www.instagram.com/p/B7XcqkRJuF1
0,https://www.instagram.com/p/B7YQMYzH7Q6
0,https://www.instagram.com/p/B7YQ1jup6S0
0,https://www.instagram.com/p/B7aBBewncKS
0,https://www.instagram.com/p/B7aBItnBnPm
0,https://www.instagram.com/p/B7aIApBJ8Yu
0,https://www.instagram.com/p/B7a8k17HYs1
0,https://www.instagram.com/p/B7ce1B6JB8b
0,https://www.instagram.com/p/B7cvsLWHyjZ
0,https://www.instagram.com/p/B7fP5RPHeGq
0,https://www.instagram.com/p/B7hsqkqnuVU
0,https://www.instagram.com/p/B7h8Gbyp7Tf
0,https://www.instagram.com/p/B7jMXLmFy6o
0,https://www.instagram.com/p/B7kWlcSJ614
0,https://www.instagram.com/p/B7kjZTqnwPC
0,https://www.instagram.com/p/B7m-RJzpEQm
0,https://www.instagram.com/p/B7nhpj1HirK
0,https://www.instagram.com/p/B7pa-HvnWUx
0,https://www.instagram.com/p/B7pjPgKHJQu
0,https://www.instagram.com/p/B7pjWY0J_vb
0,https://www.instagram.com/p/B7r2rZNJgb6
0,https://www.instagram.com/p/B7r_kBOnh8a
0,https://www.instagram.com/p/B7sKbYfJr-Z
0,https://www.instagram.com/p/B7sQtodiVhA
0,https://www.instagram.com/p/B7tMgYkpXZr
0,https://www.instagram.com/p/B7uZNomJJEs
0,https://www.instagram.com/p/B7ulMyeHzI0
0,https://www.instagram.com/p/B7ulzjJnfHM
0,https://www.instagram.com/p/B7xDbWgpDiQ
0,https://www.instagram.com/p/B7xFmXDHh6G
0,https://www.instagram.com/p/B7z0vOaJe7H
0,https://www.instagram.com/p/B7z2C9un_ag
0,https://www.instagram.com/p/B71FepnFOTv
0,https://www.instagram.com/p/B71LMh7JYDz
0,https://www.instagram.com/p/B72OOiCH1XX
0,https://www.instagram.com/p/B72UIfrpNHz
0,https://www.instagram.com/p/B73BQlSgfSS
0,https://www.instagram.com/p/B744BMiJnLr
0,https://www.instagram.com/p/B749_xqHPWQ
0,https://www.instagram.com/p/B77P4j6J4_p
0,https://www.instagram.com/p/B77i-q-HdFG
0,https://www.instagram.com/p/B78zgwiHLTJ
0,https://www.instagram.com/p/B7-ESi2pmWz
0,https://www.instagram.com/p/B7-HCSQnYXU
0,https://www.instagram.com/p/B7-LoJjByT8
0,https://www.instagram.com/p/B7-7Jeqnnwz
0,https://www.instagram.com/p/B7-_KU_pKO5
0,https://www.instagram.com/p/B8AaCmnpIqD
0,https://www.instagram.com/p/B8AyQMzhDtk
0,https://www.instagram.com/p/B8Ayrfqhu2O
0,https://www.instagram.com/p/B8A9Ie_naFt
0,https://www.instagram.com/p/B8BoHRsHzG5
0,https://www.instagram.com/p/B8Bx8-6nSpA
0,https://www.instagram.com/p/B8BzooEHgWy
0,https://www.instagram.com/p/B8Bz_a2HqDJ
0,https://www.instagram.com/p/B8B7PK3pYyC
0,https://www.instagram.com/p/B8B9dL-g-Eo
0,https://www.instagram.com/p/B8F1kjGJxI1
0,https://www.instagram.com/p/B8F_QeCgq9t
0,https://www.instagram.com/p/B8GqLDYH-Ww
0,https://www.instagram.com/p/B8HORPDBjrE
0,https://www.instagram.com/p/B8HY1Jjj8Pk
0,https://www.instagram.com/p/B8IMP7MJAF7
0,https://www.instagram.com/p/B8IQV-jndBa
0,https://www.instagram.com/p/B8KtJWHJbLf
0,https://www.instagram.com/p/B8K8_8kHGGn
0,https://www.instagram.com/p/B8Nd2jDF_1k
0,https://www.instagram.com/p/B8NegbYpYit
0,https://www.instagram.com/p/B8Nxf_4FABi
0,https://www.instagram.com/p/B8NzbBPBTVL
0,https://www.instagram.com/p/B8OjyIenfh4
0,https://www.instagram.com/p/B8OkgZ-norf
0,https://www.instagram.com/p/B8Oq9vdJpt6
0,https://www.instagram.com/p/B8OwiAIJvow
0,https://www.instagram.com/p/B8O1CD4ppYg
0,https://www.instagram.com/p/B8PKmJSHytN
0,https://www.instagram.com/p/B8QC_srFQxP
0,https://www.instagram.com/p/B8QFVrJJ3xX
0,https://www.instagram.com/p/B8QLac3AjzQ
0,https://www.instagram.com/p/B8Sh_2TJBNU
0,https://www.instagram.com/p/B8SnZ5-qpow
0,https://www.instagram.com/p/B8TlTrtBNBf
0,https://www.instagram.com/p/B8Ty_oeAxVk
0,https://www.instagram.com/p/B8WyXVig145
0,https://www.instagram.com/p/B8W2cS7DE99
0,https://www.instagram.com/p/B8X4_acpI0M
0,https://www.instagram.com/p/B8ZOZCSASjG
0,https://www.instagram.com/p/B8aWaBrJZCN
0,https://www.instagram.com/p/B8am_ajHTUS
0,https://www.instagram.com/p/B8anhgjnHKS
0,https://www.instagram.com/p/B8bIOBZgSSu
0,https://www.instagram.com/p/B8bfwGzH7qy
0,https://www.instagram.com/p/B8c3B4Gpb2N
0,https://www.instagram.com/p/B8c9t2Xn-2M
0,https://www.instagram.com/p/B8dCUauHT5Y
0,https://www.instagram.com/p/B8dPVmAArQe
0,https://www.instagram.com/p/B8dRmm_gJQw
0,https://www.instagram.com/p/B8dRuNQp9gY
0,https://www.instagram.com/p/B8dXgcigX6U
0,https://www.instagram.com/p/B8dlN-cJ_VK
0,https://www.instagram.com/p/B8doHNrHn4B
0,https://www.instagram.com/p/B8fghctJ28r
0,https://www.instagram.com/p/B8iGkOIJjVW
0,https://www.instagram.com/p/B8iGqlip6z2
0,https://www.instagram.com/p/B8iG2rrn2M3
0,https://www.instagram.com/p/B8iHOKkI_S8
0,https://www.instagram.com/p/B8jYVMzHdTA
0,https://www.instagram.com/p/B8kd_yopBEH
0,https://www.instagram.com/p/B8spDL-JTJU
0,https://www.instagram.com/p/B8swBzKJBqj
0,https://www.instagram.com/p/B8swOPYpzJw
0,https://www.instagram.com/p/B8u9gAlp4-R
0,https://www.instagram.com/p/B8vEI4mH0mT
0,https://www.instagram.com/p/B8vFYpbFj7B
0,https://www.instagram.com/p/B8vm8RWjlQT
0,https://www.instagram.com/p/B8vvcTbJiCD
0,https://www.instagram.com/p/B8xhp3CJRRr
0,https://www.instagram.com/p/B8xjMADHblO
0,https://www.instagram.com/p/B8xlk5yn88D
0,https://www.instagram.com/p/B8yHRYplo06
0,https://www.instagram.com/p/B80Co8CJdTj
0,https://www.instagram.com/p/B80CzhrpLBI
0,https://www.instagram.com/p/B80Hp7lHac8
0,https://www.instagram.com/p/B81vgr3HY_G
0,https://www.instagram.com/p/B82him9piXp
0,https://www.instagram.com/p/B83a2CSn4GV
0,https://www.instagram.com/p/B85kCmuHnVs
0,https://www.instagram.com/p/B8-zNTXpz6z
0,https://www.instagram.com/p/B9BMddDnFiE
0,https://www.instagram.com/p/B9CtzEVDTQV
0,https://www.instagram.com/p/B9DnkNNnGVK
0,https://www.instagram.com/p/B9DoiJPHxkV
0,https://www.instagram.com/p/B9Dr5yspumL
0,https://www.instagram.com/p/B9DtTVqHexF
0,https://www.instagram.com/p/B9ELyo7HpjV
0,https://www.instagram.com/p/B9GNL9xngd7
0,https://www.instagram.com/p/B9GPZyIJ5fZ
0,https://www.instagram.com/p/B9GY-K2HM4f
0,https://www.instagram.com/p/B9Ickp5nauQ
0,https://www.instagram.com/p/B9IiIamn1eD
0,https://www.instagram.com/p/B9I0DrAHTdq
0,https://www.instagram.com/p/B9I2DNVpI7H
0,https://www.instagram.com/p/B9KCfxBlg71
0,https://www.instagram.com/p/B9KDssMp9tE
0,https://www.instagram.com/p/B9LUbEVndSy
0,https://www.instagram.com/p/B9MIKxbp2l4
0,https://www.instagram.com/p/B9PZIr-JiUs
0,https://www.instagram.com/p/B9PeXOHn3_S
0,https://www.instagram.com/p/B9QMVVSpVTY
0,https://www.instagram.com/p/B9Qc3s8pKxf
0,https://www.instagram.com/p/B9Qiy6-HEJ0
0,https://www.instagram.com/p/B9TIaUpHLog
0,https://www.instagram.com/p/B9TPjnSncNT
0,https://www.instagram.com/p/B9TycLuBYGl
0,https://www.instagram.com/p/B9V4Rovn2p1
0,https://www.instagram.com/p/B9WBeF3pnEy
0,https://www.instagram.com/p/B9WBl60npDg
0,https://www.instagram.com/p/B9WYJziHwlC
0,https://www.instagram.com/p/B9W6q3vDcmf
0,https://www.instagram.com/p/B9YIGmdJ98-
0,https://www.instagram.com/p/B9ZKl6WnSdb
0,https://www.instagram.com/p/B9a16wOnJYa
0,https://www.instagram.com/p/B9a5vY5n6jl
0,https://www.instagram.com/p/B9b-vdzHcpB
0,https://www.instagram.com/p/B9b_8KbnsJT
0,https://www.instagram.com/p/B9cJg-jHdF_
0,https://www.instagram.com/p/B9dHYconWRV
0,https://www.instagram.com/p/B9dI7tKJkF7
0,https://www.instagram.com/p/B9edp_dptGb
0,https://www.instagram.com/p/B9evsYEnvgR
0,https://www.instagram.com/p/B9fv1UvJGN2
0,https://www.instagram.com/p/B9f4eYGnBIU
0,https://www.instagram.com/p/B9gB_ZsHFxS
0,https://www.instagram.com/p/B9hVgVrFGus
0,https://www.instagram.com/p/B9ic2KmJgo9
0,https://www.instagram.com/p/B9infT1HX_J
0,https://www.instagram.com/p/B9ipMkpn6Tx
0,https://www.instagram.com/p/B9lG4TTHuGY
0,https://www.instagram.com/p/B9lItmzn-YY
0,https://www.instagram.com/p/B9lko4aHCR_
0,https://www.instagram.com/p/B9nQrNsJ9N0
0,https://www.instagram.com/p/B9nQ8PKJlEa
0,https://www.instagram.com/p/B9nRCSaJyZM
0,https://www.instagram.com/p/B9nqNSQH8Nu
0,https://www.instagram.com/p/B9ntgNSHJrg
0,https://www.instagram.com/p/B9oikC9ALGb
0,https://www.instagram.com/p/B9pIvuIpmeq
0,https://www.instagram.com/p/B9qPPO7Hd3G
0,https://www.instagram.com/p/B9sy4nSncCJ
0,https://www.instagram.com/p/B9vVLbznKD7
0,https://www.instagram.com/p/B9vexWjHPFv
0,https://www.instagram.com/p/B9wseFNHyjQ
0,https://www.instagram.com/p/B9w02vhI36V
0,https://www.instagram.com/p/B9x_6JqHAJJ
0,https://www.instagram.com/p/B9zlzC5liAb
0,https://www.instagram.com/p/B9z3c1iHGtK
0,https://www.instagram.com/p/B90hzT0H6mE
0,https://www.instagram.com/p/B95yVdon0v5
0,https://www.instagram.com/p/B97Jug8AmoX
0,https://www.instagram.com/p/B98aiSHH7kq
0,https://www.instagram.com/p/B98tHcQJsEa
0,https://www.instagram.com/p/B99qQowJl20
0,https://www.instagram.com/p/B9-M9djllLF
0,https://www.instagram.com/p/B9-2BGGHJ5m
0,https://www.instagram.com/p/B-BgAfwBsIl
0,https://www.instagram.com/p/B-BoU8THZt0
0,https://www.instagram.com/p/B-CNiaSjrei
0,https://www.instagram.com/p/B-CP5jJJQNp
0,https://www.instagram.com/p/B-CUIAsJkgR
0,https://www.instagram.com/p/B-CXCcklvEz
0,https://www.instagram.com/p/B-CcpeVJqmL
0,https://www.instagram.com/p/B-CcysRnDK4
0,https://www.instagram.com/p/B-CrCh2HkFD
0,https://www.instagram.com/p/B-DB004DyyW
0,https://www.instagram.com/p/B-EDqSPHKQp
0,https://www.instagram.com/p/B-EbypFnPKL
0,https://www.instagram.com/p/B-El6vOp6j0
0,https://www.instagram.com/p/B-EmEtQHms8
0,https://www.instagram.com/p/B-FYSiMJmgO
0,https://www.instagram.com/p/B-G2LhMgSOi
0,https://www.instagram.com/p/B-HJCdrq1fr
0,https://www.instagram.com/p/B-IByvnnuoo
0,https://www.instagram.com/p/B-ICVLtAzhs
0,https://www.instagram.com/p/B-IOrnsFCkY
0,https://www.instagram.com/p/B-IjInmjaus
0,https://www.instagram.com/p/B-I9RG_pGuN
0,https://www.instagram.com/p/B-JHoqkH9tc
0,https://www.instagram.com/p/B-JL-prncEq
0,https://www.instagram.com/p/B-JNCumhIDr
0,https://www.instagram.com/p/B-JP07nnVaX
0,https://www.instagram.com/p/B-JS7W5A4GY
0,https://www.instagram.com/p/B-JbAI0DA7l
0,https://www.instagram.com/p/B-JbGqHlY39
0,https://www.instagram.com/p/B-JbNw1Fmxj
0,https://www.instagram.com/p/B-JbifmFSLg
0,https://www.instagram.com/p/B-JcGulDYGM
0,https://www.instagram.com/p/B-JqOkcJMvt
0,https://www.instagram.com/p/B-Js58YHZDm
0,https://www.instagram.com/p/B-Jtj27H3t3
0,https://www.instagram.com/p/B-J-CFMIaBD
0,https://www.instagram.com/p/B-KMafZp5U1
0,https://www.instagram.com/p/B-KNfNxnpGA
0,https://www.instagram.com/p/B-KNguUnJOr
0,https://www.instagram.com/p/B-KOIAEllrF
0,https://www.instagram.com/p/B-KOI2OH2Sy
0,https://www.instagram.com/p/B-KOWpCDfUb
0,https://www.instagram.com/p/B-KOfFpAU7b
0,https://www.instagram.com/p/B-KPCsXHro4
0,https://www.instagram.com/p/B-KPdXsJ5JZ
0,https://www.instagram.com/p/B-KPfk6nZcF
0,https://www.instagram.com/p/B-KPr7MqA1V
0,https://www.instagram.com/p/B-KPthWJ9YZ
0,https://www.instagram.com/p/B-KQoPpjcW3
0,https://www.instagram.com/p/B-KRz3gDWCR
0,https://www.instagram.com/p/B-KSB1gg7kW
0,https://www.instagram.com/p/B-KSDr1Ac5A
0,https://www.instagram.com/p/B-KSJePDfzf
0,https://www.instagram.com/p/B-KSOSjnni7
0,https://www.instagram.com/p/B-KSQEsgerz
0,https://www.instagram.com/p/B-KSaAeAO-s
0,https://www.instagram.com/p/B-KSaHehkj7
0,https://www.instagram.com/p/B-KSe9Gh1el
0,https://www.instagram.com/p/B-KSj28JxUL
0,https://www.instagram.com/p/B-KSp1eIiBO
0,https://www.instagram.com/p/B-KSvUqJcnS
0,https://www.instagram.com/p/B-KSx34g7iz
0,https://www.instagram.com/p/B-KS-vWHxrP
0,https://www.instagram.com/p/B-KS_d_nUV2
0,https://www.instagram.com/p/B-KTAZOhEE4
0,https://www.instagram.com/p/B-KTO7Gg2Rp
0,https://www.instagram.com/p/B-KTYdvjSOz
0,https://www.instagram.com/p/B-KTfSyh7G_
0,https://www.instagram.com/p/B-KT3AGhSjn
0,https://www.instagram.com/p/B-KT3BShEjk
0,https://www.instagram.com/p/B-KT3w0pw-2
0,https://www.instagram.com/p/B-KT9fqnCwR
0,https://www.instagram.com/p/B-KUAKgA6l9
0,https://www.instagram.com/p/B-KUEDAHnMS
0,https://www.instagram.com/p/B-KUHl0Dxw8
0,https://www.instagram.com/p/B-KUOVUILWu
0,https://www.instagram.com/p/B-KUTFxn97u
0,https://www.instagram.com/p/B-KUWyFnIrz
0,https://www.instagram.com/p/B-KUpvcD-n3
0,https://www.instagram.com/p/B-KUq6znyLH
0,https://www.instagram.com/p/B-KVH_aKtM2
0,https://www.instagram.com/p/B-KVd_Ij2uY
0,https://www.instagram.com/p/B-KV1M7Hrzw
0,https://www.instagram.com/p/B-KWAJtgiWu
0,https://www.instagram.com/p/B-KWHMfDabG
0,https://www.instagram.com/p/B-KWSFRBb9F
0,https://www.instagram.com/p/B-KWdNWHIUX
0,https://www.instagram.com/p/B-KWzADn1Ei
0,https://www.instagram.com/p/B-KXKMghziF
0,https://www.instagram.com/p/B-KXKT2g1Kn
0,https://www.instagram.com/p/B-KXZtGnI83
0,https://www.instagram.com/p/B-KXp03nLia
0,https://www.instagram.com/p/B-KX0tlI-IM
0,https://www.instagram.com/p/B-KY5QIh8lY
0,https://www.instagram.com/p/B-KZVRxj2ZV
0,https://www.instagram.com/p/B-KZeE8JsNP
0,https://www.instagram.com/p/B-KZfIbgPdn
0,https://www.instagram.com/p/B-KZgRPhxae
0,https://www.instagram.com/p/B-KZ3x_ovqI
0,https://www.instagram.com/p/B-KZ7X8D1lm
0,https://www.instagram.com/p/B-KaWBeClOR
0,https://www.instagram.com/p/B-KbBRVCKy0
0,https://www.instagram.com/p/B-KbEHsJ7e3
0,https://www.instagram.com/p/B-KbH0qgzjc
0,https://www.instagram.com/p/B-KbIG7jqf9
0,https://www.instagram.com/p/B-KbabsHoYu
0,https://www.instagram.com/p/B-KbbC9jr1q
0,https://www.instagram.com/p/B-KbdTWDYad
0,https://www.instagram.com/p/B-Kbe7IJWlC
0,https://www.instagram.com/p/B-KbhIiqB6c
0,https://www.instagram.com/p/B-KbipPDLwl
0,https://www.instagram.com/p/B-KbppaoeG2
0,https://www.instagram.com/p/B-KbwUwpAgm
0,https://www.instagram.com/p/B-KcJwJpRs-
0,https://www.instagram.com/p/B-Kcd9DB3c3
0,https://www.instagram.com/p/B-Kcthmnwmr
0,https://www.instagram.com/p/B-KdD3Cp2Fh
0,https://www.instagram.com/p/B-KdEbZgaYs
0,https://www.instagram.com/p/B-KdHLOgdfa
0,https://www.instagram.com/p/B-KdJqvAiNR
0,https://www.instagram.com/p/B-KdQOoDIFN
0,https://www.instagram.com/p/B-KdQWOpdt6
0,https://www.instagram.com/p/B-KdSQsHSeT
0,https://www.instagram.com/p/B-KdykBAbrX
0,https://www.instagram.com/p/B-Kd0L4gEFe
0,https://www.instagram.com/p/B-KePcMJjzG
0,https://www.instagram.com/p/B-KeQnVnMHA
0,https://www.instagram.com/p/B-KfDOTC6bt
0,https://www.instagram.com/p/B-KfRRMgivG
0,https://www.instagram.com/p/B-KfVFJgzNl
0,https://www.instagram.com/p/B-KfXoGq70N
0,https://www.instagram.com/p/B-KfgLsHPrW
0,https://www.instagram.com/p/B-Kfw43pI0q
0,https://www.instagram.com/p/B-Kf3wRHU7e
0,https://www.instagram.com/p/B-KgC5Hi_9j
0,https://www.instagram.com/p/B-KgDPvAILu
0,https://www.instagram.com/p/B-KgOzPnB-j
0,https://www.instagram.com/p/B-KgQ-Dg1RC
0,https://www.instagram.com/p/B-KgixsJRB6
0,https://www.instagram.com/p/B-KgspWjDdU
0,https://www.instagram.com/p/B-KhXmaJC37
0,https://www.instagram.com/p/B-KhkOfJk64
0,https://www.instagram.com/p/B-Kh97CDfv_
0,https://www.instagram.com/p/B-KiW4ml0JK
0,https://www.instagram.com/p/B-KifNkJHLJ
0,https://www.instagram.com/p/B-Kix72qufm
0,https://www.instagram.com/p/B-Ki647hKqE
0,https://www.instagram.com/p/B-KjK4mJ-Wv
0,https://www.instagram.com/p/B-KjdBSh0Xi
0,https://www.instagram.com/p/B-KjdZmDe0N
0,https://www.instagram.com/p/B-KjgG4lGEx
0,https://www.instagram.com/p/B-KjoAjgH03
0,https://www.instagram.com/p/B-KjvT4nUEg
0,https://www.instagram.com/p/B-Kj3lVDK7i
0,https://www.instagram.com/p/B-Kj9xDHrKG
0,https://www.instagram.com/p/B-Kj9-6p-9M
0,https://www.instagram.com/p/B-KkDYaJNjV
0,https://www.instagram.com/p/B-KkOhCnSL1
0,https://www.instagram.com/p/B-KkTwGB5nW
0,https://www.instagram.com/p/B-KkoyPFyEe
0,https://www.instagram.com/p/B-Kk6nuhiWw
0,https://www.instagram.com/p/B-KlCKaAsgm
0,https://www.instagram.com/p/B-KlfLOFeCK
0,https://www.instagram.com/p/B-Klxtfpxd0
0,https://www.instagram.com/p/B-Kl9rCgtig
0,https://www.instagram.com/p/B-KmDJQgvEe
0,https://www.instagram.com/p/B-KmXtOgYzu
0,https://www.instagram.com/p/B-Kml_zBSGW
0,https://www.instagram.com/p/B-KmvuFA7sI
0,https://www.instagram.com/p/B-Kmyq-HdRh
0,https://www.instagram.com/p/B-KmzCtgwwd
0,https://www.instagram.com/p/B-Km4StIOHX
0,https://www.instagram.com/p/B-KnHfXno3d
0,https://www.instagram.com/p/B-KnORRo4Np
0,https://www.instagram.com/p/B-KnPBcp1k6
0,https://www.instagram.com/p/B-KnP2PgCEi
0,https://www.instagram.com/p/B-KnwNTnTlJ
0,https://www.instagram.com/p/B-KoLMsHIdG
0,https://www.instagram.com/p/B-KoPnwFejD
0,https://www.instagram.com/p/B-KoaG8nqBV
0,https://www.instagram.com/p/B-Koa2onIdn
0,https://www.instagram.com/p/B-KocfHDcj4
0,https://www.instagram.com/p/B-Kov5ajjwN
0,https://www.instagram.com/p/B-KozWDFcG7
0,https://www.instagram.com/p/B-Ko2D9gR1T
0,https://www.instagram.com/p/B-Ko7eBhZza
0,https://www.instagram.com/p/B-KpI2rgNH0
0,https://www.instagram.com/p/B-KpZedFxIG
0,https://www.instagram.com/p/B-KpcTtAWKB
0,https://www.instagram.com/p/B-KpdzkH5EU
0,https://www.instagram.com/p/B-Kph1dnxQ5
0,https://www.instagram.com/p/B-KplDjFI99
0,https://www.instagram.com/p/B-KpnDmFGoV
0,https://www.instagram.com/p/B-KpqT4BWnd
0,https://www.instagram.com/p/B-Kpqn5g7es
0,https://www.instagram.com/p/B-KpuTwJq9j
0,https://www.instagram.com/p/B-KpzMQluel
0,https://www.instagram.com/p/B-Kp1p2JCYD
0,https://www.instagram.com/p/B-Kp2LBps4H
0,https://www.instagram.com/p/B-Kp2NXFYPl
0,https://www.instagram.com/p/B-Kp2V8BPD2
0,https://www.instagram.com/p/B-Kp29yDPec
0,https://www.instagram.com/p/B-Kp3E3gc_P
0,https://www.instagram.com/p/B-Kp3WVDtgf
0,https://www.instagram.com/p/B-Kp3WZo-1n
0,https://www.instagram.com/p/B-Kp3ZZis4C
0,https://www.instagram.com/p/B-Kp3gbHhBm
0,https://www.instagram.com/p/B-Kp3n6K3u7
0,https://www.instagram.com/p/B-Kp3uun9w0
0,https://www.instagram.com/p/B-Kp32OJIV7
0,https://www.instagram.com/p/B-Kp3-Hg-I0
0,https://www.instagram.com/p/B-Kp4CLhqr4
0,https://www.instagram.com/p/B-Kp4Izlnk2
0,https://www.instagram.com/p/B-Kp4L_HXP3
0,https://www.instagram.com/p/B-Kp4PMJ61j
0,https://www.instagram.com/p/B-Kp4UmgU4D
0,https://www.instagram.com/p/B-Kp4yooL7M
0,https://www.instagram.com/p/B-Kp42YHt49
0,https://www.instagram.com/p/B-Kp47SB4vC
0,https://www.instagram.com/p/B-Kp5FCn8lc
0,https://www.instagram.com/p/B-Kp5R7BBK3
0,https://www.instagram.com/p/B-Kp5Wdq95H
0,https://www.instagram.com/p/B-Kp5vsHQ4u
0,https://www.instagram.com/p/B-Kp5z2KgAF
0,https://www.instagram.com/p/B-Kp50xHfJ4
0,https://www.instagram.com/p/B-Kp6GAlbnQ
0,https://www.instagram.com/p/B-Kp6InhyGH
0,https://www.instagram.com/p/B-Kp6OLDCYS
0,https://www.instagram.com/p/B-Kp6bFDw0Y
0,https://www.instagram.com/p/B-Kp66UhXVD
0,https://www.instagram.com/p/B-Kp7IXp1y7
0,https://www.instagram.com/p/B-Kp7Xun0aW
0,https://www.instagram.com/p/B-Kp7b2Fqbi
0,https://www.instagram.com/p/B-Kp7hzjqHC
0,https://www.instagram.com/p/B-Kp8B8gxh9
0,https://www.instagram.com/p/B-Kp8PLAoAd
0,https://www.instagram.com/p/B-Kp8WHDuqW
0,https://www.instagram.com/p/B-Kp8XRlCzN
0,https://www.instagram.com/p/B-Kp8ZBgfRe
0,https://www.instagram.com/p/B-Kp8bajnv4
0,https://www.instagram.com/p/B-Kp8tRHxhd
0,https://www.instagram.com/p/B-Kp8-ajY2_
0,https://www.instagram.com/p/B-Kp9CFCOyH
0,https://www.instagram.com/p/B-Kp9EQgbnJ
0,https://www.instagram.com/p/B-Kp9FdJw6e
0,https://www.instagram.com/p/B-Kp9VVFpsk
0,https://www.instagram.com/p/B-Kp9gNpMxT
0,https://www.instagram.com/p/B-Kp9iapdVR
0,https://www.instagram.com/p/B-Kp9kegwFU
0,https://www.instagram.com/p/B-Kp9qil3TH
0,https://www.instagram.com/p/B-Kp9zZq7sn
0,https://www.instagram.com/p/B-Kp989CNOI
0,https://www.instagram.com/p/B-Kp-fqJ00h
0,https://www.instagram.com/p/B-Kp-qIg2z2
0,https://www.instagram.com/p/B-Kp-7ElbjV
0,https://www.instagram.com/p/B-Kp-91lcxX
0,https://www.instagram.com/p/B-Kp_LBBJZ8
0,https://www.instagram.com/p/B-Kp_TyoXXg
0,https://www.instagram.com/p/B-Kp_v9ncDn
0,https://www.instagram.com/p/B-Kp_7hnOyh
0,https://www.instagram.com/p/B-Kp_8YhlPM
0,https://www.instagram.com/p/B-Kp_-lnqvR
0,https://www.instagram.com/p/B-KqAAVD5zf
0,https://www.instagram.com/p/B-KqABCglYg
0,https://www.instagram.com/p/B-KqAF4iW0X
0,https://www.instagram.com/p/B-KqAG9nGoE
0,https://www.instagram.com/p/B-KqAO2lIoB
0,https://www.instagram.com/p/B-KqAV4iM8O
0,https://www.instagram.com/p/B-KqAbKHMWA
0,https://www.instagram.com/p/B-KqAdhhC5o
0,https://www.instagram.com/p/B-KqAhFjBbj
0,https://www.instagram.com/p/B-KqAmcnAOb
0,https://www.instagram.com/p/B-KqAvEnywT
0,https://www.instagram.com/p/B-KqBEOgD0h
0,https://www.instagram.com/p/B-KqBKQHSNn
0,https://www.instagram.com/p/B-KqBmJHv4h
0,https://www.instagram.com/p/B-KqBmoJVLX
0,https://www.instagram.com/p/B-KqCA9gIK3
0,https://www.instagram.com/p/B-KqCcSI6dq
0,https://www.instagram.com/p/B-KqCcgn3Ea
0,https://www.instagram.com/p/B-KqCghAlmv
0,https://www.instagram.com/p/B-KqCiuAQ0i
0,https://www.instagram.com/p/B-KqC-WDt24
0,https://www.instagram.com/p/B-KqDEzoUoc
0,https://www.instagram.com/p/B-KqDRHAtTI
0,https://www.instagram.com/p/B-KqDWOBjdJ
0,https://www.instagram.com/p/B-KqDWOB0b3
0,https://www.instagram.com/p/B-KqDZRlbXU
0,https://www.instagram.com/p/B-KqDiRgj0j
0,https://www.instagram.com/p/B-KqDnhIxQp
0,https://www.instagram.com/p/B-KqDvqlsAu
0,https://www.instagram.com/p/B-KqD4ypdLU
0,https://www.instagram.com/p/B-KqD9Zhhzj
0,https://www.instagram.com/p/B-KqEG5FrX0
0,https://www.instagram.com/p/B-KqEmvA3CI
0,https://www.instagram.com/p/B-KqEm_ne1m
0,https://www.instagram.com/p/B-KqEsfJZaI
0,https://www.instagram.com/p/B-KqFBpHdkm
0,https://www.instagram.com/p/B-KqFPFDxQ3
0,https://www.instagram.com/p/B-KqFSFA_0f
0,https://www.instagram.com/p/B-KqFUToWsb
0,https://www.instagram.com/p/B-KqFZ9nCtW
0,https://www.instagram.com/p/B-KqFg7i5OQ
0,https://www.instagram.com/p/B-KqFiKnKQL
0,https://www.instagram.com/p/B-KqF7eBVp8
0,https://www.instagram.com/p/B-KqGACnneG
0,https://www.instagram.com/p/B-KqGDVF06S
0,https://www.instagram.com/p/B-KqGD-A3Lh
0,https://www.instagram.com/p/B-KqGSFlCXP
0,https://www.instagram.com/p/B-KqGoIgFvU
0,https://www.instagram.com/p/B-KqHVBgqCA
0,https://www.instagram.com/p/B-KqHfvBGDk
0,https://www.instagram.com/p/B-KqHkanPQR
0,https://www.instagram.com/p/B-KqHloF-LX
0,https://www.instagram.com/p/B-KqHtlAiV1
0,https://www.instagram.com/p/B-KqHwVHUrV
0,https://www.instagram.com/p/B-KqHxuDyCs
0,https://www.instagram.com/p/B-KqH2JBbtm
0,https://www.instagram.com/p/B-KqH7hh62e
0,https://www.instagram.com/p/B-KqH-MCW90
0,https://www.instagram.com/p/B-KqH_Nh5vN
0,https://www.instagram.com/p/B-KqILLDXkz
0,https://www.instagram.com/p/B-KqIXjn_Gz
0,https://www.instagram.com/p/B-KqJAuHIvh
0,https://www.instagram.com/p/B-KqJDPjjVh
0,https://www.instagram.com/p/B-KqJNaFhGF
0,https://www.instagram.com/p/B-KqJSsg4gz
0,https://www.instagram.com/p/B-KqJV7H7Gu
0,https://www.instagram.com/p/B-KqJb5DN5Z
0,https://www.instagram.com/p/B-KqJdclClz
0,https://www.instagram.com/p/B-KqJ0vneXK
0,https://www.instagram.com/p/B-KqJ_Ogpm0
0,https://www.instagram.com/p/B-KqKBLBU5v
0,https://www.instagram.com/p/B-KqKSCBbMl
0,https://www.instagram.com/p/B-KqKqmJuvv
0,https://www.instagram.com/p/B-KqKrlFyVq
0,https://www.instagram.com/p/B-KqLK_lvLU
0,https://www.instagram.com/p/B-KqLduDRTG
0,https://www.instagram.com/p/B-KqLgFH53f
0,https://www.instagram.com/p/B-KqL8RDkgy
0,https://www.instagram.com/p/B-KqMVghKO9
0,https://www.instagram.com/p/B-KqMgCgzIT
0,https://www.instagram.com/p/B-KqNDUgNYJ
0,https://www.instagram.com/p/B-KqNOuhWdG
0,https://www.instagram.com/p/B-KqNPWhMbt
0,https://www.instagram.com/p/B-KqNRUjUhc
0,https://www.instagram.com/p/B-KqNzIIbWr
0,https://www.instagram.com/p/B-KqN3sDvpc
0,https://www.instagram.com/p/B-KqONiJ3RF
0,https://www.instagram.com/p/B-KqOOYlGzD
0,https://www.instagram.com/p/B-KqO9WFf_w
0,https://www.instagram.com/p/B-KqO_qJmSh
0,https://www.instagram.com/p/B-KqPB_IEeq
0,https://www.instagram.com/p/B-KqPNcBRry
0,https://www.instagram.com/p/B-KqPkRhkqo
0,https://www.instagram.com/p/B-KqQDan5gx
0,https://www.instagram.com/p/B-KqQSLFtBO
0,https://www.instagram.com/p/B-KqQ4MH6f-
0,https://www.instagram.com/p/B-KqRAhgbAu
0,https://www.instagram.com/p/B-KqRKBngTb
0,https://www.instagram.com/p/B-KqRNaCshL
0,https://www.instagram.com/p/B-KqROIAOdb
0,https://www.instagram.com/p/B-KqRTnnDr7
0,https://www.instagram.com/p/B-KqRf7h9mQ
0,https://www.instagram.com/p/B-KqR5zn8zB
0,https://www.instagram.com/p/B-KqR7shiij
0,https://www.instagram.com/p/B-KqR-9nUII
0,https://www.instagram.com/p/B-KqSCPHWAc
0,https://www.instagram.com/p/B-KqSEHAoiw
0,https://www.instagram.com/p/B-KqSInnbGB
0,https://www.instagram.com/p/B-KqSdoHIIZ
0,https://www.instagram.com/p/B-KqS4WBFas
0,https://www.instagram.com/p/B-KqTYqlim_
0,https://www.instagram.com/p/B-KqTmKJ9tL
0,https://www.instagram.com/p/B-KqT2vJ0Ey
0,https://www.instagram.com/p/B-KqT4jhYrn
0,https://www.instagram.com/p/B-KqT_kHNqH
0,https://www.instagram.com/p/B-KqUHnjjKa
0,https://www.instagram.com/p/B-KqUNspMWV
0,https://www.instagram.com/p/B-KqUw2jHXb
0,https://www.instagram.com/p/B-KqU4fAg2T
0,https://www.instagram.com/p/B-KqU8YnXH6
0,https://www.instagram.com/p/B-KqVEYFqSB
0,https://www.instagram.com/p/B-KqVrmgkx-
0,https://www.instagram.com/p/B-KqVxoiEHa
0,https://www.instagram.com/p/B-KqV2JBxmJ
0,https://www.instagram.com/p/B-KqV2jBJO0
0,https://www.instagram.com/p/B-KqV3uBu2G
0,https://www.instagram.com/p/B-KqV53hqeV
0,https://www.instagram.com/p/B-KqWa2pehS
0,https://www.instagram.com/p/B-KqWiznHMb
0,https://www.instagram.com/p/B-KqWxggKSN
0,https://www.instagram.com/p/B-KqW2oFhz1
0,https://www.instagram.com/p/B-KqW6xFH6N
0,https://www.instagram.com/p/B-KqXFxHxuC
0,https://www.instagram.com/p/B-KqXT9HeEx
0,https://www.instagram.com/p/B-KqXldnIcX
0,https://www.instagram.com/p/B-KqXt8D7a2
0,https://www.instagram.com/p/B-KqXzGgOcY
0,https://www.instagram.com/p/B-KqXzepvqo
0,https://www.instagram.com/p/B-KqX2Eg6Hs
0,https://www.instagram.com/p/B-KqYBgBXUm
0,https://www.instagram.com/p/B-KqYIRBzVu
0,https://www.instagram.com/p/B-KqYP_hRXc
0,https://www.instagram.com/p/B-KqYchp-PN
0,https://www.instagram.com/p/B-KqYs0H8UB
0,https://www.instagram.com/p/B-KqYt1jx8i
0,https://www.instagram.com/p/B-KqYusgRnO
0,https://www.instagram.com/p/B-KqY1zptEi
0,https://www.instagram.com/p/B-KqY3gHf5R
0,https://www.instagram.com/p/B-KqY85JV5J
0,https://www.instagram.com/p/B-KqZT3AcwW
0,https://www.instagram.com/p/B-KqZiKJ20M
0,https://www.instagram.com/p/B-KqZ9aqdYC
0,https://www.instagram.com/p/B-KqaEwhMSK
0,https://www.instagram.com/p/B-KqaOcAUoM
0,https://www.instagram.com/p/B-KqaVRAM4T
0,https://www.instagram.com/p/B-KqaXJpKHy
0,https://www.instagram.com/p/B-KqahBCkcZ
0,https://www.instagram.com/p/B-KqasSAvcK
0,https://www.instagram.com/p/B-Kqa5NJlP6
0,https://www.instagram.com/p/B-Kqa8ooUZi
0,https://www.instagram.com/p/B-KqbAlp_vo
0,https://www.instagram.com/p/B-KqbBNlN5T
0,https://www.instagram.com/p/B-KqbThnycu
0,https://www.instagram.com/p/B-KqbcllfWO
0,https://www.instagram.com/p/B-KqbtgJbmF
0,https://www.instagram.com/p/B-KqcA-Avcw
0,https://www.instagram.com/p/B-KqcHShegF
0,https://www.instagram.com/p/B-KqcPQpwoK
0,https://www.instagram.com/p/B-KqcR-hIZo
0,https://www.instagram.com/p/B-KqcVSBMAV
0,https://www.instagram.com/p/B-KqcYQHiI4
0,https://www.instagram.com/p/B-Kqcj9Hd-U
0,https://www.instagram.com/p/B-Kqcv0A1oF
0,https://www.instagram.com/p/B-Kqc4zAQ7s
0,https://www.instagram.com/p/B-Kqc9MDywY
0,https://www.instagram.com/p/B-Kqc_igEMp
0,https://www.instagram.com/p/B-KqdmHIMrk
0,https://www.instagram.com/p/B-KqdmxnNNX
0,https://www.instagram.com/p/B-KqdoMAin8
0,https://www.instagram.com/p/B-KqdwFgyGY
0,https://www.instagram.com/p/B-KqdwgAwaK
0,https://www.instagram.com/p/B-KqeDDqlPz
0,https://www.instagram.com/p/B-KqeNgAST0
0,https://www.instagram.com/p/B-Kqe9IHTFE
0,https://www.instagram.com/p/B-KqfXwH4-p
0,https://www.instagram.com/p/B-Kqf61p_er
0,https://www.instagram.com/p/B-KqgeZIS8B
0,https://www.instagram.com/p/B-Kqgg4i2bR
0,https://www.instagram.com/p/B-KqgkFnelM
0,https://www.instagram.com/p/B-KqgmHDZbc
0,https://www.instagram.com/p/B-Kqgu8gcb2
0,https://www.instagram.com/p/B-Kqg7oBmmh
0,https://www.instagram.com/p/B-Kqg9doxJa
0,https://www.instagram.com/p/B-Kqg-tAka1
0,https://www.instagram.com/p/B-KqhKtib6a
0,https://www.instagram.com/p/B-KqhWHFBOG
0,https://www.instagram.com/p/B-KqhsElNZx
0,https://www.instagram.com/p/B-Kqh53JRuH
0,https://www.instagram.com/p/B-Kqh8QHyaC
0,https://www.instagram.com/p/B-KqiDmHqPs
0,https://www.instagram.com/p/B-KqiNHjeE1
0,https://www.instagram.com/p/B-KqiO3J7CS
0,https://www.instagram.com/p/B-KqiP8FGZo
0,https://www.instagram.com/p/B-KqicygbLq
0,https://www.instagram.com/p/B-Kqif0Avo9
0,https://www.instagram.com/p/B-Kqi2ChMOU
0,https://www.instagram.com/p/B-Kqi6pgPfp
0,https://www.instagram.com/p/B-KqjQBqxz6
0,https://www.instagram.com/p/B-KqjUtArsW
0,https://www.instagram.com/p/B-KqjexAjMf
0,https://www.instagram.com/p/B-KqjvCCjoN
0,https://www.instagram.com/p/B-Kqj1uJvaV
0,https://www.instagram.com/p/B-KqkWwB_aI
0,https://www.instagram.com/p/B-KqkZdq7Ms
0,https://www.instagram.com/p/B-KqkjzjWL5
0,https://www.instagram.com/p/B-KqkmngHYe
0,https://www.instagram.com/p/B-KqkyLH_Zl
0,https://www.instagram.com/p/B-Kqk6tFYyO
0,https://www.instagram.com/p/B-KqlBBoLo7
0,https://www.instagram.com/p/B-KqlL7AC-X
0,https://www.instagram.com/p/B-KqlO0JY9i
0,https://www.instagram.com/p/B-KqlVKCzpr
0,https://www.instagram.com/p/B-Kql4BBcrg
0,https://www.instagram.com/p/B-Kql4TF6wd
0,https://www.instagram.com/p/B-Kqmjnn1Jf
0,https://www.instagram.com/p/B-KqmxZpt61
0,https://www.instagram.com/p/B-Kqm3noGCx
0,https://www.instagram.com/p/B-Kqm4IgsWN
0,https://www.instagram.com/p/B-Kqm6ah4Sn
0,https://www.instagram.com/p/B-Kqm-QgavF
0,https://www.instagram.com/p/B-KqnOnCuXL
0,https://www.instagram.com/p/B-KqnWfHYOh
0,https://www.instagram.com/p/B-KqnfXpuOd
0,https://www.instagram.com/p/B-KqnpHjNfs
0,https://www.instagram.com/p/B-KqnsqFz7h
0,https://www.instagram.com/p/B-KqoEhBqTG
0,https://www.instagram.com/p/B-KqoM9At7V
0,https://www.instagram.com/p/B-Kqoo6DO-Z
0,https://www.instagram.com/p/B-Kqo8vhnc2
0,https://www.instagram.com/p/B-KqpMopJHr
0,https://www.instagram.com/p/B-KqpYAi6bD
0,https://www.instagram.com/p/B-KqpgYnvK9
0,https://www.instagram.com/p/B-KqpjKpYoh
0,https://www.instagram.com/p/B-KqpveHK9s
0,https://www.instagram.com/p/B-Kqp0CBZV-
0,https://www.instagram.com/p/B-Kqp9MFc9c
0,https://www.instagram.com/p/B-Kqp_2ldLu
0,https://www.instagram.com/p/B-KqqAZFUaD
0,https://www.instagram.com/p/B-KqqD0JYhI
0,https://www.instagram.com/p/B-KqqHOChKT
0,https://www.instagram.com/p/B-KqqJSJfI6
0,https://www.instagram.com/p/B-KqqM8I5Nv
0,https://www.instagram.com/p/B-KqqcIBZkr
0,https://www.instagram.com/p/B-KqrUxDegb
0,https://www.instagram.com/p/B-KqrvJB06S
0,https://www.instagram.com/p/B-KqsC6qKea
0,https://www.instagram.com/p/B-KqsGMBKCW
0,https://www.instagram.com/p/B-KqsIrgEip
0,https://www.instagram.com/p/B-KqsOvjm6C
0,https://www.instagram.com/p/B-Kqsq-HGKT
0,https://www.instagram.com/p/B-Kqsz0ls7i
0,https://www.instagram.com/p/B-KqtBJAQl_
0,https://www.instagram.com/p/B-KqtIil6mQ
0,https://www.instagram.com/p/B-KqtdRFHfj
0,https://www.instagram.com/p/B-KqtmqDZFX
0,https://www.instagram.com/p/B-Kqtzpn5RZ
0,https://www.instagram.com/p/B-Kqum8n14M
0,https://www.instagram.com/p/B-KqunFJGYz
0,https://www.instagram.com/p/B-KqurjpKKF
0,https://www.instagram.com/p/B-Kqu1yCPbJ
0,https://www.instagram.com/p/B-KqvDHHRkC
0,https://www.instagram.com/p/B-KqvD0h3hu
0,https://www.instagram.com/p/B-Kqvq-Dqzh
0,https://www.instagram.com/p/B-Kqv_6qU_D
0,https://www.instagram.com/p/B-KqwEWg-nF
0,https://www.instagram.com/p/B-KqwE_ndAe
0,https://www.instagram.com/p/B-KqwIrJQIF
0,https://www.instagram.com/p/B-KqwMfJ-Di
0,https://www.instagram.com/p/B-KqwZ7puig
0,https://www.instagram.com/p/B-KqweAC0Zc
0,https://www.instagram.com/p/B-KqwmVlb8Y
0,https://www.instagram.com/p/B-KqwpXAGgN
0,https://www.instagram.com/p/B-Kqw2QIIke
0,https://www.instagram.com/p/B-Kqw3YHFpQ
0,https://www.instagram.com/p/B-KqxCDACdj
0,https://www.instagram.com/p/B-KqxsTnmwo
0,https://www.instagram.com/p/B-Kqx-HnpNJ
0,https://www.instagram.com/p/B-Kqx-wpdz1
0,https://www.instagram.com/p/B-KqyEcD3Jy
0,https://www.instagram.com/p/B-KqyH3BzXv
0,https://www.instagram.com/p/B-KqyMhp-Ac
0,https://www.instagram.com/p/B-KqyPLHyOb
0,https://www.instagram.com/p/B-KqybBlcSx
0,https://www.instagram.com/p/B-Kqyw2F54W
0,https://www.instagram.com/p/B-KqyyZBAUt
0,https://www.instagram.com/p/B-Kqy7ZFrPu
0,https://www.instagram.com/p/B-Kqy8MH8sd
0,https://www.instagram.com/p/B-Kqy8SB2UP
0,https://www.instagram.com/p/B-Kqy9xn2R9
0,https://www.instagram.com/p/B-KqzdsJLdV
0,https://www.instagram.com/p/B-Kq0ZyFahv
0,https://www.instagram.com/p/B-Kq0bZIllt
0,https://www.instagram.com/p/B-Kq0ewDV5A
0,https://www.instagram.com/p/B-Kq0jsH0Sc
0,https://www.instagram.com/p/B-Kq0j5DC1P
0,https://www.instagram.com/p/B-Kq0lSHMga
0,https://www.instagram.com/p/B-Kq1CyjRFx
0,https://www.instagram.com/p/B-Kq1n7gHrj
0,https://www.instagram.com/p/B-Kq1s6hVbP
0,https://www.instagram.com/p/B-Kq1yvBg-8
0,https://www.instagram.com/p/B-Kq18ephxX
0,https://www.instagram.com/p/B-Kq2KhCfVR
0,https://www.instagram.com/p/B-Kq2YPpQZP
0,https://www.instagram.com/p/B-Kq2j5hA6U
0,https://www.instagram.com/p/B-Kq2lEFTTH
0,https://www.instagram.com/p/B-Kq22kJCl-
0,https://www.instagram.com/p/B-Kq3Q7AmD3
0,https://www.instagram.com/p/B-Kq3h8gkTG
0,https://www.instagram.com/p/B-Kq3tbnpLo
0,https://www.instagram.com/p/B-Kq4MWAylo
0,https://www.instagram.com/p/B-Kq4MvhD-2
0,https://www.instagram.com/p/B-Kq4QxhJU8
0,https://www.instagram.com/p/B-Kq4sznK25
0,https://www.instagram.com/p/B-Kq5VJK56j
0,https://www.instagram.com/p/B-Kq5VqD-j8
0,https://www.instagram.com/p/B-Kq5a5Jw0f
0,https://www.instagram.com/p/B-Kq5h0hqQD
0,https://www.instagram.com/p/B-Kq6PRnJDi
0,https://www.instagram.com/p/B-Kq6aWDIvz
0,https://www.instagram.com/p/B-Kq6a8gI7F
0,https://www.instagram.com/p/B-Kq6rHh2DC
0,https://www.instagram.com/p/B-Kq6uVAp6Q
0,https://www.instagram.com/p/B-Kq6uwJtof
0,https://www.instagram.com/p/B-Kq6-vg5Zf
0,https://www.instagram.com/p/B-Kq6_gF6j0
0,https://www.instagram.com/p/B-Kq7LDlrES
0,https://www.instagram.com/p/B-Kq7SeAXMj
0,https://www.instagram.com/p/B-Kq7Tcn3NQ
0,https://www.instagram.com/p/B-Kq7XAj2I1
0,https://www.instagram.com/p/B-Kq7cYps2l
0,https://www.instagram.com/p/B-Kq7dWAhHk
0,https://www.instagram.com/p/B-Kq7jPFQt8
0,https://www.instagram.com/p/B-Kq7mgnfhv
0,https://www.instagram.com/p/B-Kq7tHh5eT
0,https://www.instagram.com/p/B-Kq7uKnYAc
0,https://www.instagram.com/p/B-Kq7vylT61
0,https://www.instagram.com/p/B-Kq72InEGN
0,https://www.instagram.com/p/B-Kq8BnhPrk
0,https://www.instagram.com/p/B-Kq8Bnj3t_
0,https://www.instagram.com/p/B-Kq8IupF-m
0,https://www.instagram.com/p/B-Kq8MID-Ri
0,https://www.instagram.com/p/B-Kq9DSFr3o
0,https://www.instagram.com/p/B-Kq9b0JpLt
0,https://www.instagram.com/p/B-Kq9dXl1Vg
0,https://www.instagram.com/p/B-Kq9hXJSJu
0,https://www.instagram.com/p/B-Kq9kNpuuf
0,https://www.instagram.com/p/B-Kq9l7FtbX
0,https://www.instagram.com/p/B-Kq9mdB8_v
0,https://www.instagram.com/p/B-Kq9tFAeko
0,https://www.instagram.com/p/B-Kq9v4IGik
0,https://www.instagram.com/p/B-Kq9zACp7r
0,https://www.instagram.com/p/B-Kq9-_J-oW
0,https://www.instagram.com/p/B-Kq-K1lxK6
0,https://www.instagram.com/p/B-Kq-LBHfV9
0,https://www.instagram.com/p/B-Kq-QAg6Ul
0,https://www.instagram.com/p/B-Kq-bSHfTO
0,https://www.instagram.com/p/B-Kq-uQHNly
0,https://www.instagram.com/p/B-Kq-5EJ2HT
0,https://www.instagram.com/p/B-Kq_MoqeTi
0,https://www.instagram.com/p/B-Kq_aSqsDe
0,https://www.instagram.com/p/B-Kq_fkoOr0
0,https://www.instagram.com/p/B-Kq_g3h9ep
0,https://www.instagram.com/p/B-Kq_rcCRtz
0,https://www.instagram.com/p/B-Kq_2KnGzp
0,https://www.instagram.com/p/B-KrAB3jg56
0,https://www.instagram.com/p/B-KrAFYARHi
0,https://www.instagram.com/p/B-KrAQgjNHK
0,https://www.instagram.com/p/B-KrAhipW8u
0,https://www.instagram.com/p/B-KrAyap8bN
0,https://www.instagram.com/p/B-KrA-8Jtck
0,https://www.instagram.com/p/B-KrBCcAWcn
0,https://www.instagram.com/p/B-KrBGDpgs3
0,https://www.instagram.com/p/B-KrBZdD2CZ
0,https://www.instagram.com/p/B-KrBgJALoi
0,https://www.instagram.com/p/B-KrBmnpFrj
0,https://www.instagram.com/p/B-KrBxJJmmh
0,https://www.instagram.com/p/B-KrB3PHdB6
0,https://www.instagram.com/p/B-KrB38hTGq
0,https://www.instagram.com/p/B-KrB8OI7Gh
0,https://www.instagram.com/p/B-KrB-gB6ud
0,https://www.instagram.com/p/B-KrCC3ho6E
0,https://www.instagram.com/p/B-KrCDag8xb
0,https://www.instagram.com/p/B-KrCUxIb0G
0,https://www.instagram.com/p/B-KrCxnlW7m
0,https://www.instagram.com/p/B-KrC2aJvd9
0,https://www.instagram.com/p/B-KrDF3hyWa
0,https://www.instagram.com/p/B-KrDJsFVHr
0,https://www.instagram.com/p/B-KrDUun4ru
0,https://www.instagram.com/p/B-KrDbXJMOB
0,https://www.instagram.com/p/B-KrDeBhiv5
0,https://www.instagram.com/p/B-KrD3eIvh9
0,https://www.instagram.com/p/B-KrD8fDCJY
0,https://www.instagram.com/p/B-KrD-THrKS
0,https://www.instagram.com/p/B-KrECbjmZd
0,https://www.instagram.com/p/B-KrEIKnYGy
0,https://www.instagram.com/p/B-KrEJZhS17
0,https://www.instagram.com/p/B-KrEQUJe7A
0,https://www.instagram.com/p/B-KrEVyCHvR
0,https://www.instagram.com/p/B-KrEjrH_qi
0,https://www.instagram.com/p/B-KrEsHpLQH
0,https://www.instagram.com/p/B-KrFBoBBdi
0,https://www.instagram.com/p/B-KrFkVlJTd
0,https://www.instagram.com/p/B-KrFmFndrV
0,https://www.instagram.com/p/B-KrFz0hbbL
0,https://www.instagram.com/p/B-KrF1Qh8WR
0,https://www.instagram.com/p/B-KrF2eDZRe
0,https://www.instagram.com/p/B-KrF8PgOLJ
0,https://www.instagram.com/p/B-KrF98ilXH
0,https://www.instagram.com/p/B-KrGD0IY25
0,https://www.instagram.com/p/B-KrGOPh9oL
0,https://www.instagram.com/p/B-KrGRMhHLd
0,https://www.instagram.com/p/B-KrGWFCbxp
0,https://www.instagram.com/p/B-KrGsIDAfk
0,https://www.instagram.com/p/B-KrGu8BUq3
