online24hmoney,68.75
online24hmoney,68.75
online24hmoney,68.75
online24hmoney,68.75
2020businesssolution,62.5
create_without_limits,31.25
kei_deleted,31.25
abelleboutique,31.25
kranedigitalempire,31.25
gracefullybroken_ceos,31.25
ankitatalks,31.25
theleadersroad,31.25
makemoneyjobz,25
risingstardesigns,25
makemoneyjobz,25
sarafalaro,25
sophieandtrey,25
the_sarcastic_things,25
sophieandtrey,25
shopadorabelles,25
cousincouture,25
amwajrotanahotel,25
callmehilarious,25
sophieandtrey,25
sophieandtrey,25
sophieandtrey,25
shopadorabelles,25
sophieandtrey,25
sophieandtrey,25
mandalas_lovers1,25
_araflo44_fanpage_,25
sophieandtrey,25
condissuits,25
makemoremoney24,25
sophieandtrey,25
sophieandtrey,25
makemoremoney24,25
uclubonwoodward,25
sophieandtrey,25
sophieandtrey,25
makemoremoney24,25
makemoremoney24,25
makemoremoney24,25
makemoremoney24,25
sophieandtrey,25
uclubonwoodward,25
sophieandtrey,25
fabfindsbtq,25
uclubonwoodward,25
the_sarcastic_things,25
makemoremoney24,25
makemoremoney24,25
hollywoodstyle01,25
economikat,25
whatsophiebaked,25
investingmentorship,25
wealth.kingdom,25
lucyyymain,25
uclubonwoodward,25
legendsedinburg,25
bitcoin_daytrader,18.75
makemoney10k,18.75
makemoney10k,18.75
lady__trader,18.75
shinchan.school,18.75
businessdrivenminds,18.75
courtneytucker_,18.75
luxuryearnings24,12.5
luxuryearnings24,12.5
luxuryearnings24,12.5
businessunions,12.5
ruidigital,12.5
luxuryearnings24,12.5
luxuryearnings24,12.5
makemoney.business,12.5
businessunions,12.5
gamershood,12.5
makemoney.business,12.5
hustle2achieve,12.5
make_money_online_eg,12.5
luxuryearnings24,12.5
luxuryearnings24,12.5
luxuryearnings24,12.5
luxuryearnings24,12.5
inspired_billionaire,12.5
luxurylifepoint,12.5
iamyeychii,12.5
luxurylifepoint,12.5
inspire4growth,12.5
ar15news,12.5
threadlust,12.5
inspired_billionaire,12.5
youngandsick,12.5
youngandsick,12.5
mikeshelbo,12.5
pedipedfootwear,12.5
thejungleu,12.5
map_to_wealth,12.5
freecultr,12.5
pedipedfootwear,12.5
pedipedfootwear,12.5
thejungleu,12.5
luxuryearnings1,12.5
mikeshelbo,12.5
mikeshelbo,12.5
allypatras,12.5
millionaire.iq,12.5
theperfectpalette,12.5
theperfectpalette,12.5
makingmoneysimple,12.5
themoneyportal,12.5
themoneyportal,12.5
luxuryearnings1,12.5
businessmoral,12.5
freecultr,12.5
youre.a.born.entrepreneur,12.5
master_of_finance,12.5
freecultr,12.5
luxuryearnings1,12.5
mikeshelbo,12.5
pcbhome,12.5
jeremycpark,12.5
rocknrosegirls,12.5
pedipedfootwear,12.5
future_valuation,12.5
pedipedfootwear,12.5
macias_dermatology,12.5
future_valuation,12.5
tusadiving,12.5
youre.a.born.entrepreneur,12.5
lenisagency,12.5
crowned4success,12.5
dollar___motivation,12.5
master_of_finance,12.5
jordansarahweatherhead,12.5
onlinentrepreneurship,12.5
mikeshelbo,12.5
mintmillions,12.5
zapsurveysapp,12.5
shak_tiger,12.5
cashflowfather,12.5
themoneyportal,12.5
onlinentrepreneurship,12.5
ramgo_millonario,12.5
auravedic_beauty,12.5
luxuryearnings24,12.5
tusadiving,12.5
tusadiving,12.5
marleylilly,6.25
shopthemint,6.25
skinnymintcom,6.25
lazadaph,6.25
lazadaph,6.25
shopreddress,6.25
austindillon3,6.25
shopthemint,6.25
austindillon3,6.25
lazadaph,6.25
lazadaph,6.25
austindillon3,6.25
