https://www.instagram.com/p/B7_7LZllRem,100
https://www.instagram.com/p/B-6tiEyDNHg/?igshid=a0mu7aixiukh,100
https://www.instagram.com/p/B-6tiEyDNHg/?igshid=5b5k3tcs66f5,100
https://www.instagram.com/p/8qaJuVvLIe/,100
https://www.instagram.com/p/vRk4eEHsrN/,100
https://www.instagram.com/p/-PxhJ_m_CP/,100
https://www.instagram.com/p/BFlbudJKWfD/,100
https://www.instagram.com/p/BFlbudJKWfD/,100
https://www.instagram.com/p/BGnCZevG8YA/,100
https://www.instagram.com/p/us2L5Znssd/,100
https://www.instagram.com/p/BHkyP8xhzw3/,100
https://www.instagram.com/p/BG69ZnZG8TS/,100
https://www.instagram.com/p/7L3FlXIBvI/,100
https://www.instagram.com/p/BEBjcSAMWVH/,100
https://www.instagram.com/p/xFVSg4IBiS/,100
https://www.instagram.com/p/BLE2OknggGO/,100
https://www.instagram.com/p/7Oh8AiIBs2/,100
https://www.instagram.com/p/6f1jybIBn2/,100
https://www.instagram.com/p/6iVakNIBiO/,100
https://www.instagram.com/p/6lFV34oBr8/,100
https://www.instagram.com/p/9envXfIBrG/,100
https://www.instagram.com/p/9j4c3NoBim/,100
https://www.instagram.com/p/9hrd8AIBqD/,100
https://www.instagram.com/p/1djOYjydxz/,100
https://www.instagram.com/p/yQhsgjIBm6/,100
https://www.instagram.com/p/BC8DRynhdfi/,100
https://www.instagram.com/p/yNoopeIBgj/,100
https://www.instagram.com/p/BGhBChuIhFK/,100
https://www.instagram.com/p/mQ-2z9Cbl-/,100
https://www.instagram.com/p/BrrC-k5HuWC/,100
https://www.instagram.com/p/BDOETyehdbn/,100
https://www.instagram.com/p/BJ2ri9YBhhF/,100
https://www.instagram.com/p/Bc-j107BzPy/,100
https://www.instagram.com/p/BWtOZQRlQRe/,100
https://www.instagram.com/p/BUvTUSPj4MT/,100
https://www.instagram.com/p/BTIE2x7FoS5/,100
https://www.instagram.com/p/BIc1J_Th3UM/,100
https://www.instagram.com/p/4Zn6uROD6-/,100
https://www.instagram.com/p/BS6zjt4h4AZ/,100
https://www.instagram.com/p/4XKYR4uDxD/,100
https://www.instagram.com/p/yNoMTaRE5v/?igshid=zthc5ekznht1,90
https://www.instagram.com/p/tmpT5xRE9k/?igshid=1jx6bn4fkuvqp,90
https://www.instagram.com/p/-Gk-4fwGXd/?igshid=41zx20ak2nf1,90
https://www.instagram.com/p/jKNfiUTXXU/,90
https://www.instagram.com/p/3kX-oHqWVY/,90
https://www.instagram.com/p/3kX-oHqWVY/,90
https://www.instagram.com/p/1LiXeASd4n/,90
https://www.instagram.com/p/3bvlJ8Sd79/,90
https://www.instagram.com/p/o1lyoOkeXA/,90
https://www.instagram.com/p/yFoCyjSdy5/,90
https://www.instagram.com/p/7DwpMmydbb/,90
https://www.instagram.com/p/B0l3ykyFWAe/,90
https://www.instagram.com/p/tpf8VkJIZx/,90
https://www.instagram.com/p/BamHm7LhU-r/,90
https://www.instagram.com/p/1bOugOSd1X/,90
https://www.instagram.com/p/5VR_ArxFlY/,90
https://www.instagram.com/p/BtpPQtzgI60/,90
https://www.instagram.com/p/BNHx7-TAd9q/,90
https://www.instagram.com/p/BQx1aLGA_c0/,90
https://www.instagram.com/p/BSJUHWXDNZu/,90
https://www.instagram.com/p/BM6afDqA_dr/,90
https://www.instagram.com/p/2wjmTMLh-i/,90
https://www.instagram.com/p/BFJJnOwifjC/,90
https://www.instagram.com/p/BQLHbuzlL8h/,90
https://www.instagram.com/p/0DezL2oGzq/,87.5
https://www.instagram.com/p/BcmN3rGF5ZF/,87.5
https://www.instagram.com/p/BcmN3rGF5ZF/,87.5
https://www.instagram.com/p/BYneCdKg8de/,87.5
https://www.instagram.com/p/BDlNReaoBuv/,87.5
https://www.instagram.com/p/BBWDIhMIBgX/,87.5
https://www.instagram.com/p/kYJcHMMg3M/,87.5
https://www.instagram.com/p/5QB-9tPXuq/,87.5
https://www.instagram.com/p/5QB-9tPXuq/,87.5
https://www.instagram.com/p/BBdnY_PoBuN/,87.5
https://www.instagram.com/p/BvziYH4HenH/,87.5
https://www.instagram.com/p/BMPG7Gbg3yO/,87.5
https://www.instagram.com/p/BDGT7IwhdWc/,87.5
https://www.instagram.com/p/ByVzCPGjtxk/,87.5
https://www.instagram.com/p/BDVzLRphdT4/,87.5
https://www.instagram.com/p/BGrZxYOGgeU/,87.5
https://www.instagram.com/p/BXqIuW3D9rq/,87.5
https://www.instagram.com/p/Bno8k-YHG2g/,87.5
https://www.instagram.com/p/Bno8k-YHG2g/,87.5
https://www.instagram.com/p/BCDBtiqPnEV/,87.5
https://www.instagram.com/p/BM87PP0gh1o/,87.5
https://www.instagram.com/p/mojhhCjTi8/,87.5
https://www.instagram.com/p/BSK_D0VlU5n/,87.5
https://www.instagram.com/p/BSD0Mvflx0P/,87.5
https://www.instagram.com/p/_-Tz0gHJVA/,87.5
https://www.instagram.com/p/r9q_HgQr2s/,87.5
https://www.instagram.com/p/BRgGDC8AFMu/,87.5
https://www.instagram.com/p/0DH6lDsLJh/,87.5
https://www.instagram.com/p/xNf_SuP36x/,87.5
https://www.instagram.com/p/p_KENsEkOn/,87.5
https://www.instagram.com/p/BSLEzrJFB4T/,87.5
https://www.instagram.com/p/BDxjRopr9_G/,87.5
https://www.instagram.com/p/qGYwvkEkEE/,87.5
https://www.instagram.com/p/qBhUWZEkKk/,87.5
https://www.instagram.com/p/BAzinmHx9Xz/,87.5
https://www.instagram.com/p/r8IJnNlYry/,87.5
https://www.instagram.com/p/BhNFm7NncQe/,87.5
https://www.instagram.com/p/BV-gNkbnRZc/,87.5
https://www.instagram.com/p/4aY9y9NwBI/,87.5
https://www.instagram.com/p/4Z8VYEtwPY/,87.5
https://www.instagram.com/p/Bayu8CKl9PS/,87.5
https://www.instagram.com/p/47JPussFPW/,87.5
https://www.instagram.com/p/4YBwNxNwKE/,87.5
https://www.instagram.com/p/BOt-i47BCOZ/,80
https://www.instagram.com/p/BOt-sXZhhsz/?igshid=1h49gqjb7c3ne,80
https://www.instagram.com/p/BH13zdAj34t/,80
https://www.instagram.com/p/6uKi_hmXL8/,80
https://www.instagram.com/p/3KJLMsyd42/,80
https://www.instagram.com/p/8u8d8unFPt/,80
https://www.instagram.com/p/eoFmOxsgzI/,80
https://www.instagram.com/p/BNz1th2DsZp/,80
https://www.instagram.com/p/BFQ7pf2r9f_/,80
https://www.instagram.com/p/BDw_vzNmJt3/,80
https://www.instagram.com/p/zmLky0Ip0S/,80
https://www.instagram.com/p/7Hzy0DMLF5/,80
https://www.instagram.com/p/6iHc-ywXTM/,80
https://www.instagram.com/p/g8Im2Cj3AB/,80
https://www.instagram.com/p/42LtByoEge/,80
https://www.instagram.com/p/2f64g7FGxB/,80
https://www.instagram.com/p/BBPl4b1SV9B/,80
https://www.instagram.com/p/_0UAEOJS8t/,80
https://www.instagram.com/p/BK5MPRJDCmF/,80
https://www.instagram.com/p/BCMtsMotLFQ/,80
https://www.instagram.com/p/BB8JdkDNLNx/,80
https://www.instagram.com/p/1bb-s-Lh45/,80
https://www.instagram.com/p/1_bElcN_LT/,80
https://www.instagram.com/p/BB70rEEnOjr/,80
https://www.instagram.com/p/BB34vloNLLk/,80
https://www.instagram.com/p/6kP4nlzU3-/,80
https://www.instagram.com/p/2gPT8sqxw8/,80
https://www.instagram.com/p/B7nzpNKhf6u/,80
https://www.instagram.com/p/BRzMTLMg-NY/,80
https://www.instagram.com/p/znCAEBDdJF/,80
https://www.instagram.com/p/BfMl7XuH9Gn/,80
https://www.instagram.com/p/BE_wRyRw4yq/,80
https://www.instagram.com/p/870vKribkr/,80
https://www.instagram.com/p/BKAyiauBcqv/,80
https://www.instagram.com/p/BFpJb9igM6y/,80
https://www.instagram.com/p/0zdJrVjUzx/,80
https://www.instagram.com/p/BCASq_NN9QU/,80
https://www.instagram.com/p/3wovKis--C/,80
https://www.instagram.com/p/0XfGV0Cb-v/,80
https://www.instagram.com/p/BHxhUJvDYCv/,80
https://www.instagram.com/p/2vsuiAOljQ/,80
https://www.instagram.com/p/2RR_fTm8ww/,80
https://www.instagram.com/p/7tCGMYtMS7/,80
https://www.instagram.com/p/BHD_pmABkhX/,80
https://www.instagram.com/p/BF7C6Xor_64/,80
https://www.instagram.com/p/6AO84TOmhI/,80
https://www.instagram.com/p/0knfIaO1rV/,80
https://www.instagram.com/p/B7rTPn_BGsK/,80
https://www.instagram.com/p/1Ta8c0NRP0/,80
https://www.instagram.com/p/88Eso8x31R/,80
https://www.instagram.com/p/BHQzgoNhMbL/,80
https://www.instagram.com/p/BHPxEj1hXta/,80
https://www.instagram.com/p/3ZBQx9lS4H/,80
https://www.instagram.com/p/3IXrpJp78R/,80
https://www.instagram.com/p/B97MnCshFLq/?igshid=dwvrs3tzanm6,77.5
https://www.instagram.com/p/BBBpzXAgEWV/,77.5
https://www.instagram.com/p/gqDDIKsg-M/,77.5
https://www.instagram.com/p/BXQ3GUChOfC/,77.5
https://www.instagram.com/p/BAulL5NTTVX/,77.5
https://www.instagram.com/p/BAulL5NTTVX/,77.5
https://www.instagram.com/p/B0Tx7RAFz2f/,77.5
https://www.instagram.com/p/BNJL42Rj0lK/,77.5
https://www.instagram.com/p/BCpx7kJL98L/,77.5
https://www.instagram.com/p/vBsLylQAcg/,77.5
https://www.instagram.com/p/BXvAsymADfy/,77.5
https://www.instagram.com/p/BNe_fdljY3E/,77.5
https://www.instagram.com/p/BR3E4klgHS6/,77.5
https://www.instagram.com/p/BDN9V0er9-B/,77.5
https://www.instagram.com/p/cCibtIkVe3/,77.5
https://www.instagram.com/p/BSdKnb1Fu7E/,77.5
https://www.instagram.com/p/BMlnldIAxsG/,77.5
https://www.instagram.com/p/rUKoaUmVGu/,77.5
https://www.instagram.com/p/BDEqkJajmS6/,77.5
https://www.instagram.com/p/B-88GiED2m1/?igshid=1ef9zmswhdkr5,75
https://www.instagram.com/p/B-43mvPjPeK/?igshid=z4o1ljuca9xu,75
https://www.instagram.com/p/B-43mvPjPeK/?igshid=16l55rdwjideg,75
https://www.instagram.com/p/8niK04nFCI/,75
https://www.instagram.com/p/BzQk59RFkQh/,75
https://www.instagram.com/p/BxxmhEDn-eN/,75
https://www.instagram.com/p/BwXxpY4jCHu/,75
https://www.instagram.com/p/BwFNIhSHeTl/,75
https://www.instagram.com/p/Bw7I6zmjtC3/,75
https://www.instagram.com/p/BCqvSvwnJeU/,75
https://www.instagram.com/p/BxNvwo3jz3p/,75
https://www.instagram.com/p/8yBC8XN0fG/,75
https://www.instagram.com/p/BwaCfgUHlig/,75
https://www.instagram.com/p/ByDy9wajfVu/,75
https://www.instagram.com/p/By6IGwzFjYe/,75
https://www.instagram.com/p/BStFt60FlM2/,75
https://www.instagram.com/p/BSJH4vzlOR2/,75
https://www.instagram.com/p/BS_OMJyl2X0/,75
https://www.instagram.com/p/BS5PvmrFMxh/,75
https://www.instagram.com/p/BR3EjFmFN6O/,75
https://www.instagram.com/p/BfI-Hf0nPfb/,75
https://www.instagram.com/p/BIqPC6EgYk4/,75
https://www.instagram.com/p/BM_Q5K3gQdq/,75
https://www.instagram.com/p/BNBYcOEg3kP/,75
https://www.instagram.com/p/BwFOWRdg05Z/,75
https://www.instagram.com/p/0sWciMNO9t/,75
https://www.instagram.com/p/BkhQuhplAqa/,75
https://www.instagram.com/p/BkhQuhplAqa/,75
https://www.instagram.com/p/BYIaHRJjdUz/,75
https://www.instagram.com/p/BSEC2vnjA9E/,75
https://www.instagram.com/p/BtysJjzHXpv/?utm_source=ig_web_copy_link,70
https://www.instagram.com/p/BiUifoRnOZu/?utm_source=ig_web_copy_link,70
https://www.instagram.com/p/BWh2T9zFpt0/?igshid=1jbd4dbysx49b,70
https://www.instagram.com/p/BdSZC5Fg54-/?igshid=kltx5npcc4ug,70
https://www.instagram.com/p/BCX60ZjMg-D/,70
https://www.instagram.com/p/Bio11-cnNWb/,70
https://www.instagram.com/p/5EfyTPkrsc/,70
https://www.instagram.com/p/_7km2gPn58/,70
https://www.instagram.com/p/B37ARzVhlC5/,70
https://www.instagram.com/p/BrJF8u-lKRc/,70
https://www.instagram.com/p/Bta3nUCBLCK/,70
https://www.instagram.com/p/6hrffNM_7R/,70
https://www.instagram.com/p/B-98QVVpC7D/?igshid=1sf5aw3qag6r6,67.5
https://www.instagram.com/p/BGtKuZsvvOG/,67.5
https://www.instagram.com/p/3j8aXWqxI4/,67.5
https://www.instagram.com/p/BV1bOfcBMrb/,67.5
https://www.instagram.com/p/BxfueiqHbGZ/,67.5
https://www.instagram.com/p/B06BDVsDQKV/,67.5
https://www.instagram.com/p/BQBmhayAmD7/,67.5
https://www.instagram.com/p/Bea-4p0noRw/,67.5
https://www.instagram.com/p/BB5S_0RtLMZ/,67.5
https://www.instagram.com/p/4x5_QCzV56/,67.5
https://www.instagram.com/p/BKUQCSrgMkJ/,67.5
https://www.instagram.com/p/lEr8mes0zS/,67.5
https://www.instagram.com/p/BUc29dUjXty/,67.5
https://www.instagram.com/p/1WOr6Ksxx4/,67.5
https://www.instagram.com/p/BAxTfkjQwFy/,67.5
https://www.instagram.com/p/BIhhSd5A7LQ/,67.5
https://www.instagram.com/p/BFa9lZuM6bl/?igshid=6w9tdu2wzfin,65
https://www.instagram.com/p/BCwuI0Dsg_l/,65
https://www.instagram.com/p/BAs8ladkrde/,65
https://www.instagram.com/p/BCYpCFuHJcV/,65
https://www.instagram.com/p/BPZvbh8FZ05/,65
https://www.instagram.com/p/BPWl6Z0FBIl/,65
https://www.instagram.com/p/8y20jmBNSM/,65
https://www.instagram.com/p/B2CBSw6gpQn/,65
https://www.instagram.com/p/BzfSETZHHqw/,65
https://www.instagram.com/p/84rxfLnFA_/,62.5
https://www.instagram.com/p/BB2vzG6k4FB/,62.5
https://www.instagram.com/p/BZ1jDYonpeh/,62.5
https://www.instagram.com/p/qv6TCRkkJr/,62.5
https://www.instagram.com/p/BAvi7sTkhE5/,62.5
https://www.instagram.com/p/BCeNvuHEhKp/,62.5
https://www.instagram.com/p/qhMrNPkkDr/,62.5
https://www.instagram.com/p/BB3Vuxgxb6D/,62.5
https://www.instagram.com/p/BdVCSDZBhca/,62.5
https://www.instagram.com/p/BSD9DbGBCLS/,62.5
https://www.instagram.com/p/rEytQbEkBl/,62.5
https://www.instagram.com/p/BB3UMn5GKxD/,62.5
https://www.instagram.com/p/p9fNVVEkKf/,62.5
https://www.instagram.com/p/q3rN_mEkAX/,62.5
https://www.instagram.com/p/qgbDqokkD-/,62.5
https://www.instagram.com/p/qbsA1OkkMN/,62.5
https://www.instagram.com/p/rRZfXCkkDn/,62.5
https://www.instagram.com/p/BC8Cr28uzt8/,62.5
https://www.instagram.com/p/qWK1z0kkFs/,62.5
https://www.instagram.com/p/qThU8UkkHr/,62.5
https://www.instagram.com/p/qLwW7JEkPb/,62.5
https://www.instagram.com/p/BZ1kLTanYTE/,62.5
https://www.instagram.com/p/BCI_3fuwxRS/,62.5
https://www.instagram.com/p/BAvnmY8Huwe/,62.5
https://www.instagram.com/p/10HV5CswB-/,62.5
https://www.instagram.com/p/BJKmDjjj_Bv/,62.5
https://www.instagram.com/p/qPNrbKkkFZ/,62.5
https://www.instagram.com/p/BDh98P7Gr4j/,62.5
https://www.instagram.com/p/BvZVEJ5HYz8/?utm_source=ig_web_copy_link,60
https://www.instagram.com/p/B_2xCUVFnEC/,60
https://www.instagram.com/p/BKx5kzvjqh_/?utm_source=ig_web_copy_link,60
https://www.instagram.com/p/B-PFGr-qA7W/,60
https://www.instagram.com/p/BEqnDpAqtDH/,60
https://www.instagram.com/p/B7TJJTsJOsi/,60
https://www.instagram.com/p/BwrOQ89lO2W/,57.5
https://www.instagram.com/p/BKyxuKPjSuK/?utm_source=ig_web_copy_link,57.5
https://www.instagram.com/p/BKyWT-Tj9x1/?utm_source=ig_web_copy_link,57.5
https://www.instagram.com/p/BKx7-0dDQkK/?utm_source=ig_web_copy_link,57.5
https://www.instagram.com/p/BKx7xylD5tr/?utm_source=ig_web_copy_link,57.5
https://www.instagram.com/p/B3liw1ihoMY/,57.5
https://www.instagram.com/p/BOsHliFjAqC/,57.5
https://www.instagram.com/p/B4umWB1nLWC/,57.5
https://www.instagram.com/p/Be05l66H904/,57.5
https://www.instagram.com/p/CAJcSJnH-mt/,57.5
https://www.instagram.com/p/Bi7SzPIgxDF/,57.5
https://www.instagram.com/p/Bi7SzPIgxDF/,57.5
https://www.instagram.com/p/BQ-U8bhlS76/,57.5
https://www.instagram.com/p/B-VsjAjFB2G/,55
https://www.instagram.com/p/BM56PeigNME/,55
https://www.instagram.com/p/BtgIArVHzP2/,55
https://www.instagram.com/p/BtgIArVHzP2/,55
https://www.instagram.com/p/B57eZwZHyam/?igshid=m09yt9c89rzz,52.5
https://www.instagram.com/p/Bv8k0JkhLcu/,52.5
https://www.instagram.com/p/BRsSQj8gFk4/,52.5
https://www.instagram.com/p/8zzkPOxLHN/,52.5
https://www.instagram.com/p/BRYCE8ngi65/,52.5
https://www.instagram.com/p/B-6tiEyDNHg/?igshid=13s8fxftobbmi,50
https://www.instagram.com/p/B_ANmgEimj8/?utm_source=ig_web_copy_link,50
https://www.instagram.com/p/B-8-HIlKn5x/?utm_source=ig_web_copy_link,50
https://www.instagram.com/p/B_7X6brljg_/,50
https://www.instagram.com/p/B-NLDhZA61k/,50
https://www.instagram.com/p/B_urAJ_h9iM/,50
https://www.instagram.com/p/B_wT731JLNj/ ,50
https://www.instagram.com/p/CADABu3BROP/?igshid=15i6pnsscd46p,50
https://www.instagram.com/p/CAA6C0OBSK2/?igshid=9j7whp9i590m,50
https://www.instagram.com/p/B_2GvotJz62/?igshid=1a617ay1fuydj,50
https://www.instagram.com/p/B_5oP0flUNv/,50
https://www.instagram.com/p/B_sQRA3ltDb/,50
https://www.instagram.com/p/B_-fyrBleXv/,50
https://www.instagram.com/p/B_kvNksF6nq/,50
https://www.instagram.com/p/B_-0nnvld3V/,50
https://www.instagram.com/p/3FEaK2hkSY/,50
https://www.instagram.com/p/3Z61NOBkQG/,50
https://www.instagram.com/p/CAFDLP7AcOZ/,50
https://www.instagram.com/p/CAKtlgHBipJ/,50
https://www.instagram.com/p/CAF4i40gVe4/,50
https://www.instagram.com/p/CAITNdbgY94/,50
https://www.instagram.com/p/CAGBoZtHzhS/,50
https://www.instagram.com/p/CALFkBfnPCG/,50
https://www.instagram.com/p/CAFMiM-AcIA/,50
https://www.instagram.com/p/CAIkUdjFIbX/,50
https://www.instagram.com/p/CAJlUtmJ_qz/,50
https://www.instagram.com/p/CAHeBuOp7aa/,50
https://www.instagram.com/p/CAJHHOQn11r/,50
https://www.instagram.com/p/CAEqd2Pn8Jj/,50
https://www.instagram.com/p/CAK8iFDAk0R/,50
https://www.instagram.com/p/CAFmk61nDyr/,50
https://www.instagram.com/p/CAHQL9wgzlk/,50
https://www.instagram.com/p/CALCUvLAeKI/,50
https://www.instagram.com/p/CAJbruOD15V/,50
https://www.instagram.com/p/B_y64lQopNG/,50
https://www.instagram.com/p/BvchMk1AOhb/,50
https://www.instagram.com/p/B24w3oeJugS/,50
https://www.instagram.com/p/BLft9A3h_Oh/,50
https://www.instagram.com/p/CAJDQMSJtri/,50
https://www.instagram.com/p/BP4FItmhFLb/,50
https://www.instagram.com/p/Bz6CtJPglDp/,50
https://www.instagram.com/p/5K_qRGt9Pd/,50
https://www.instagram.com/p/96e2FBRIV6/,50
https://www.instagram.com/p/BKYYCHRgUCd/,50
https://www.instagram.com/p/CAIXrbFgiOV/,50
https://www.instagram.com/p/BF1YQmxA6Ac/,50
https://www.instagram.com/p/CAIMyR0g4q-/,50
https://www.instagram.com/p/-O9LeTxIev/,50
https://www.instagram.com/p/CAGSLbclS2U/,50
https://www.instagram.com/p/CAK7gYYhwrx/,50
https://www.instagram.com/p/CAFJyazll2y/,50
https://www.instagram.com/p/CALB1MKAS13/,50
https://www.instagram.com/p/CAGai1MgtAQ/,50
https://www.instagram.com/p/B5nyMQLBQFC/,50
https://www.instagram.com/p/CAISGrzg1oW/,50
https://www.instagram.com/p/CAGfVChAeSS/,50
https://www.instagram.com/p/CAEZbh0AT9B/,50
https://www.instagram.com/p/B_h9SDtps8J/,50
https://www.instagram.com/p/CAFS0t3gEDg/,50
https://www.instagram.com/p/BFjRxJPg6Bb/,50
https://www.instagram.com/p/B66mFaCF6zG/,50
https://www.instagram.com/p/CALIv9SFo-J/,50
https://www.instagram.com/p/CALHmlZly86/,50
https://www.instagram.com/p/CALJNClnuM7/,50
https://www.instagram.com/p/CALCu3-ltI1/,50
https://www.instagram.com/p/CALIv9SFo-J/,50
https://www.instagram.com/p/CALJNClnuM7/,50
https://www.instagram.com/p/CALIv9SFo-J/,50
https://www.instagram.com/p/CALDIy1AyIB/,50
https://www.instagram.com/p/CALBH2jn14l/,50
https://www.instagram.com/p/CALCDiOlzrC/,50
https://www.instagram.com/p/CALDHUohpf_/,50
https://www.instagram.com/p/CALIeILnz5B/,50
https://www.instagram.com/p/CALHmlZly86/,50
https://www.instagram.com/p/CALEINrl_l4/,50
https://www.instagram.com/p/CALCu3-ltI1/,50
https://www.instagram.com/p/CALJNClnuM7/,50
https://www.instagram.com/p/CALIv9SFo-J/,50
https://www.instagram.com/p/CALDIy1AyIB/,50
https://www.instagram.com/p/BK3k2ICjb9s/?igshid=1wh9trw0wh8dc,47.5
https://www.instagram.com/p/B-9CO7LDJr7/?utm_source=ig_web_copy_link,47.5
https://www.instagram.com/p/B-FfonBn281/?utm_source=ig_web_copy_link,47.5
https://www.instagram.com/p/BLDo_YejEz3/?utm_source=ig_web_copy_link,47.5
https://www.instagram.com/p/BLDQUmBDnGc/?utm_source=ig_web_copy_link,47.5
https://www.instagram.com/p/BLDQSpUj2y_/?utm_source=ig_web_copy_link,47.5
https://www.instagram.com/p/BLDQRB8DU0I/?utm_source=ig_web_copy_link,47.5
https://www.instagram.com/p/BLDQPaBjotm/?utm_source=ig_web_copy_link,47.5
https://www.instagram.com/p/BK3k2ICjb9s/?utm_source=ig_web_copy_link,47.5
https://www.instagram.com/p/BK3kyuPDW_c/?utm_source=ig_web_copy_link,47.5
https://www.instagram.com/p/BK2WCH4D8H6/?utm_source=ig_web_copy_link,47.5
https://www.instagram.com/p/BK2WArejlF9/?utm_source=ig_web_copy_link,47.5
https://www.instagram.com/p/BK1cHXLDLv9/?utm_source=ig_web_copy_link,47.5
https://www.instagram.com/p/BK00Sf-jDVi/?utm_source=ig_web_copy_link,47.5
https://www.instagram.com/p/BK00RULD1Rp/?utm_source=ig_web_copy_link,47.5
https://www.instagram.com/p/BK00M9sjfMe/?utm_source=ig_web_copy_link,47.5
https://www.instagram.com/p/BK0zlxcDshH/?utm_source=ig_web_copy_link,47.5
https://www.instagram.com/p/BK0zgmRjYNk/?utm_source=ig_web_copy_link,47.5
https://www.instagram.com/p/BKz1HbNj_kV/?utm_source=ig_web_copy_link,47.5
https://www.instagram.com/p/BKz1GFqjhtX/?utm_source=ig_web_copy_link,47.5
https://www.instagram.com/p/BKy4MGujCYZ/?utm_source=ig_web_copy_link,47.5
https://www.instagram.com/p/BKy3Uj2jhhN/?utm_source=ig_web_copy_link,47.5
https://www.instagram.com/p/BKy3TC9DEgP/?utm_source=ig_web_copy_link,47.5
https://www.instagram.com/p/BKyze2dDgiw/?utm_source=ig_web_copy_link,47.5
https://www.instagram.com/p/BKyzcqdDWjD/?utm_source=ig_web_copy_link,47.5
https://www.instagram.com/p/BKyy4PVDSGT/?utm_source=ig_web_copy_link,47.5
https://www.instagram.com/p/BKyy164jaKj/?utm_source=ig_web_copy_link,47.5
https://www.instagram.com/p/BKyx3IZjbye/?utm_source=ig_web_copy_link,47.5
https://www.instagram.com/p/BKyJwtvjL5v/?utm_source=ig_web_copy_link,47.5
https://www.instagram.com/p/BKyCRvwjdNZ/?utm_source=ig_web_copy_link,47.5
https://www.instagram.com/p/BKyCRMPDIlz/?utm_source=ig_web_copy_link,47.5
https://www.instagram.com/p/BKx7y69j5iv/?utm_source=ig_web_copy_link,47.5
https://www.instagram.com/p/BKx7pcDD8Uc/?utm_source=ig_web_copy_link,47.5
https://www.instagram.com/p/BKx7kTDjbAZ/?utm_source=ig_web_copy_link,47.5
https://www.instagram.com/p/BKx5sHlDoGV/?utm_source=ig_web_copy_link,47.5
https://www.instagram.com/p/BKx53W-DWtR/?utm_source=ig_web_copy_link,47.5
https://www.instagram.com/p/BKx6_MEjO0N/?utm_source=ig_web_copy_link,47.5
https://www.instagram.com/p/BKx78OQjhdy/?utm_source=ig_web_copy_link,47.5
https://www.instagram.com/p/B7oXlBdIl5P/,47.5
https://www.instagram.com/p/B-mbHYLHqMd/,47.5
https://www.instagram.com/p/CAK9_9UgEvH/,47.5
https://www.instagram.com/p/CAIXHvtjlOd/,47.5
https://www.instagram.com/p/CAFbb0MnDca/,47.5
https://www.instagram.com/p/B3Q_CuEIWtR/,47.5
https://www.instagram.com/p/B1dOtcAoCzM/,47.5
https://www.instagram.com/p/CAEv-ThAMrK/,47.5
https://www.instagram.com/p/B9C3i86J5cX/,45
https://www.instagram.com/p/BGpB8GsE5Og/,45
https://www.instagram.com/p/CAJkF5TDi1o/,45
https://www.instagram.com/p/CAK8tvMDWUk/,45
https://www.instagram.com/p/Be_Jg1_HfsX/,45
https://www.instagram.com/p/CAK8tvMDWUk/,45
https://www.instagram.com/p/BevxpYhH1Du/,45
https://www.instagram.com/p/CAI4wmvndqA/,45
https://www.instagram.com/p/CAIJqkVARD_/,45
https://www.instagram.com/p/B1VycGXFyeT/?igshid=14hexmsbcukib,42.5
https://www.instagram.com/p/BBjD4S1HJS0/,42.5
https://www.instagram.com/p/BQC4mYPj6yX/,42.5
https://www.instagram.com/p/1K23-6Lh4F/,42.5
https://www.instagram.com/p/9PDPqABNc1/,40
https://www.instagram.com/p/Bi4ttIjA1Ai/,40
https://www.instagram.com/p/Bi4ttIjA1Ai/,40
https://www.instagram.com/p/VnOLrNuDPX/,40
https://www.instagram.com/p/B-43mvPjPeK/?igshid=1uxvz8ehqvd7m,37.5
https://www.instagram.com/p/B_Claz_gOjx/?utm_source=ig_web_copy_link,37.5
https://www.instagram.com/p/B-0MLb0DiSX/?utm_source=ig_web_copy_link,37.5
https://www.instagram.com/p/B6r0i7YA48E/?utm_source=ig_web_copy_link,37.5
https://www.instagram.com/p/CAAymm4DvIl/,37.5
https://www.instagram.com/p/B_YMMdIlYq6/,37.5
https://www.instagram.com/p/By5G7BKif7A/?igshid=1co6lg0wqxfix,37.5
https://www.instagram.com/p/CAHmpo_gsU6/,37.5
https://www.instagram.com/p/B3qqLR5B5gW/,37.5
https://www.instagram.com/p/CAKO9g5Arl0/,37.5
https://www.instagram.com/p/CAIa6ibAozn/,37.5
https://www.instagram.com/p/CAEk-izBG6L/,37.5
https://www.instagram.com/p/CAEstsqJ8TP/,37.5
https://www.instagram.com/p/CAGPQ2TFvWz/,37.5
https://www.instagram.com/p/CAGJC5EHEc8/,37.5
https://www.instagram.com/p/CAIAKxygFCU/,37.5
https://www.instagram.com/p/CAGJvxCJzU3/,37.5
https://www.instagram.com/p/CAGk_rmFhMG/,37.5
https://www.instagram.com/p/B9_hNmdp5Gu/,37.5
https://www.instagram.com/p/CAFZeVTgFIN/,37.5
https://www.instagram.com/p/CAGWKTmh2i9/,37.5
https://www.instagram.com/p/CAFiJnglWKr/,37.5
https://www.instagram.com/p/CAK85XnJ6ZG/,37.5
https://www.instagram.com/p/CALHSAjHu4F/,37.5
https://www.instagram.com/p/CALIdVgnoZ8/,37.5
https://www.instagram.com/p/CALHSAjHu4F/,37.5
https://www.instagram.com/p/CALIdVgnoZ8/,37.5
https://www.instagram.com/p/B8poMZUgoHJ/?igshid=1a2tgwftztjcz,35
https://www.instagram.com/p/CAFUk7ygiCi/,35
https://www.instagram.com/p/CAFl88WguJ9/,35
https://www.instagram.com/p/CAJ5eknH0Xr/,35
https://www.instagram.com/p/CALAVl5pnyl/,35
https://www.instagram.com/p/CAI1tvMnWyU/,35
https://www.instagram.com/p/CALCl5yH03s/,35
https://www.instagram.com/p/CAKKN7LAwxW/,35
https://www.instagram.com/p/CAFTgRzAhym/,35
https://www.instagram.com/p/CAKXe8DDsV8/,35
https://www.instagram.com/p/CAKXe8DDsV8/,35
https://www.instagram.com/p/CAK0Y1iABxj/,35
https://www.instagram.com/p/CAGy193lDUS/,35
https://www.instagram.com/p/B69C1TED3GZ/,35
https://www.instagram.com/p/CALBqOYgi97/,35
https://www.instagram.com/p/BtyySFZHY3O/,32.5
https://www.instagram.com/p/CAFISa4FhL_/,32.5
https://www.instagram.com/p/CAKt41rg1OK/,32.5
https://www.instagram.com/p/BRsGXzyABcq/,32.5
https://www.instagram.com/p/BjVP9-tl56K/,32.5
https://www.instagram.com/p/BjVP9-tl56K/,32.5
https://www.instagram.com/p/CAKtQCEAPc_/,32.5
https://www.instagram.com/p/B76CPXKJODy/,30
https://www.instagram.com/p/B8F7rCzJ0Fb/,30
https://www.instagram.com/p/CACZ4Fgl_h7/,30
https://www.instagram.com/p/CAH768gBY1h/,30
https://www.instagram.com/p/BIGW021DYZq/,30
https://www.instagram.com/p/CAF_HauA9sH/,30
https://www.instagram.com/p/BL1J7jXhkc0/,30
https://www.instagram.com/p/BRtK1MHg0wo/,30
https://www.instagram.com/p/B-7XkmuDqUF/?igshid=1r9dzv0vqhd4d,25
https://www.instagram.com/p/B-xC6a8Dqnr/?igshid=1scn794w14ty0,25
https://www.instagram.com/p/B-xIiWrF-J9/?utm_source=ig_web_copy_link,25
https://www.instagram.com/p/B_sUBWwD0UZ/?igshid=tlpcp6v3jqk3,25
https://www.instagram.com/p/B_rL6N3p7dy/?igshid=dvhj14s7vhnj,25
https://www.instagram.com/p/B_u364Ujnc8/?igshid=1pyu3ciqm4ww6,25
https://www.instagram.com/p/B_ulDxXDO_F/?igshid=18w0v7cq6mnmy,25
https://www.instagram.com/p/CABDEDdJYSX/,25
https://www.instagram.com/p/B_zfggeC0TF/,25
https://www.instagram.com/p/CADbCWijqEh/,25
https://www.instagram.com/p/CAIOUyCJQh0/,25
https://www.instagram.com/p/CAIjBmFA6ns/,25
https://www.instagram.com/p/CALEtWTFqIb/,25
https://www.instagram.com/p/CAK8TfbHHSR/,25
https://www.instagram.com/p/B_u4qC_gNGU/,25
https://www.instagram.com/p/CAG-ltSAdz_/,25
https://www.instagram.com/p/CALEp83F4F8/,25
https://www.instagram.com/p/CALEp83F4F8/,25
https://www.instagram.com/p/CAK2at-lQEm/,25
https://www.instagram.com/p/CAE0ac7HL1F/,25
https://www.instagram.com/p/CALCPR8H-nV/,25
https://www.instagram.com/p/CAIdacFAQ8d/,25
https://www.instagram.com/p/CAIEKSogdJx/,25
https://www.instagram.com/p/CAK7jOXgmXO/,25
https://www.instagram.com/p/CAHu3e_AmvJ/,25
https://www.instagram.com/p/CAG79EYDwkn/,25
https://www.instagram.com/p/CAKs2c1AEki/,25
https://www.instagram.com/p/CAG-TdeHi-p/,25
https://www.instagram.com/p/CAIzskzJhei/,25
https://www.instagram.com/p/CALEqquBRCW/,25
https://www.instagram.com/p/CAFsQG6FYEy/,25
https://www.instagram.com/p/CAExU9mAMAP/,25
https://www.instagram.com/p/CAGMKPbAnfV/,25
https://www.instagram.com/p/CALBKB6p8eU/,25
https://www.instagram.com/p/CALJGtjlyGn/,25
https://www.instagram.com/p/CALBHZLHHVh/,25
https://www.instagram.com/p/B_-isQuJbeR/,22.5
https://www.instagram.com/p/B_Vu6U8FFm9/,22.5
https://www.instagram.com/p/B9z1LEvJ5__/,22.5
https://www.instagram.com/p/CAI-LnLDVTo/,22.5
https://www.instagram.com/p/CAHtleiFqI9/,22.5
https://www.instagram.com/p/CAGH-PEAkku/,22.5
https://www.instagram.com/p/B3v6sJCh9pV/,22.5
https://www.instagram.com/p/CAIWyahFvq7/,22.5
https://www.instagram.com/p/CAJMKf1noPx/,22.5
https://www.instagram.com/p/CAHW0eTAbgA/,22.5
https://www.instagram.com/p/CAJGOEUHV3R/,22.5
https://www.instagram.com/p/CAHX0Img4f0/,22.5
https://www.instagram.com/p/CAFEg7tHgYa/,22.5
https://www.instagram.com/p/CAK9hzhgH47/,22.5
https://www.instagram.com/p/CAGKYMLhw2n/,22.5
https://www.instagram.com/p/CAGKYMLhw2n/,22.5
https://www.instagram.com/p/CAIK1LvjG5s/,22.5
https://www.instagram.com/p/CAIK1LvjG5s/,22.5
https://www.instagram.com/p/CALA77NJ1PX/,22.5
https://www.instagram.com/p/BzqV5IDjkxG/,22.5
https://www.instagram.com/p/CAIXOjtFCl9/,22.5
https://www.instagram.com/p/CAFs4D3hmXd/,22.5
https://www.instagram.com/p/CAFs4D3hmXd/,22.5
https://www.instagram.com/p/CAIui0xDO2x/,22.5
https://www.instagram.com/p/CAIui0xDO2x/,22.5
https://www.instagram.com/p/CAHXV9xgynN/,22.5
https://www.instagram.com/p/CAKuVFOnHda/,22.5
https://www.instagram.com/p/CAKVTm9nW4O/,22.5
https://www.instagram.com/p/CAKVTm9nW4O/,22.5
https://www.instagram.com/p/CALBPpDgh-0/,22.5
https://www.instagram.com/p/CALIDcrhdvm/,22.5
https://www.instagram.com/p/B-firkqFtAz/,20
https://www.instagram.com/p/B_-FyJ9AMry/?igshid=4ao8m91dgyf4,20
https://www.instagram.com/p/B_8Pcospd8U/?igshid=ovx3j6gm8zkg,20
https://www.instagram.com/p/BFuFALWANUa/,20
https://www.instagram.com/p/CADhWlQpXkv/,20
https://www.instagram.com/p/B__kHfYJ7-O/,20
https://www.instagram.com/p/CAI0ENvnzXy/,20
https://www.instagram.com/p/CAF8QBKAWct/,20
https://www.instagram.com/p/CAIhlZyAyCY/,20
https://www.instagram.com/p/CAGrMnAnK1A/,20
https://www.instagram.com/p/CAJUutDJg85/,20
https://www.instagram.com/p/CAJL-jhp8uq/,20
https://www.instagram.com/p/CAHU2V0JTdW/,20
https://www.instagram.com/p/CAIpiWqpP9y/,20
https://www.instagram.com/p/CAIW9E5Jx74/,20
https://www.instagram.com/p/CAK885QjgSJ/,20
https://www.instagram.com/p/CADuZTbn40T/,20
https://www.instagram.com/p/CAFdtWxgNcR/,20
https://www.instagram.com/p/CAFWpGoggQd/,20
https://www.instagram.com/p/CAKrgCfpsfB/,20
https://www.instagram.com/p/B9y1JG6hDOz/,20
https://www.instagram.com/p/CAF7HYegfm8/,20
https://www.instagram.com/p/CAK_e_Cn2QI/,20
https://www.instagram.com/p/CAF-tK5JCOv/,20
https://www.instagram.com/p/CAK7KqjJqVO/,20
https://www.instagram.com/p/B9947qeBAb2/,20
https://www.instagram.com/p/B93_FOQhehc/,20
https://www.instagram.com/p/CAHL80npHTB/,20
https://www.instagram.com/p/CAFt3EVj1fX/,20
https://www.instagram.com/p/BRtYdHEAJTk/,20
https://www.instagram.com/p/CAFLhLjgP-v/,20
https://www.instagram.com/p/CAIdpzljt32/,20
https://www.instagram.com/p/B-_sajLgyoF/?igshid=1ro57mz19liso,12.5
https://www.instagram.com/p/B_pCOnRBVIi/?igshid=1fdtvamjd9bjr,12.5
https://www.instagram.com/p/B_jdgMTJv4l/?igshid=v7w9ohyt7485,12.5
https://www.instagram.com/p/B_ttR26pqck/?igshid=n8bnyjxw7f57,12.5
https://www.instagram.com/p/B_T9Rz3J8kQ/?igshid=k5xv7t8prov5,12.5
https://www.instagram.com/p/B_0MO6yl2Wf/?igshid=tr12gb381obs,12.5
https://www.instagram.com/p/CACF6XpiPJQ/?igshid=1nl9lvv4ccrwu,12.5
https://www.instagram.com/p/B__hHn6ixC2/?igshid=1n1ng2xe30ba3,12.5
https://www.instagram.com/p/B_9zQIZiSfi/?igshid=r9280nuvwt6k,12.5
https://www.instagram.com/p/B_6W8ZAi8Jl/?igshid=wbug3uoholox,12.5
https://www.instagram.com/p/CADhmPGBSih/,12.5
https://www.instagram.com/p/CAF0A8SAiN2/,12.5
https://www.instagram.com/p/CADpUD5p0QI/,12.5
https://www.instagram.com/p/CADpUD5p0QI/,12.5
https://www.instagram.com/p/CAFaXNXg8_w/,12.5
https://www.instagram.com/p/CAKRrsdFzt6/,12.5
https://www.instagram.com/p/CAH8JlNgHWK/,12.5
https://www.instagram.com/p/CAILFBKg7YT/,12.5
https://www.instagram.com/p/CAE7PEMAb_x/,12.5
https://www.instagram.com/p/CAKUZnSHMc2/,12.5
https://www.instagram.com/p/CAKUZnSHMc2/,12.5
https://www.instagram.com/p/CAISSHkoFIg/,12.5
https://www.instagram.com/p/CAKibfsArwA/,12.5
https://www.instagram.com/p/CAK8yjRg8xU/,12.5
https://www.instagram.com/p/CAK8yjRg8xU/,12.5
https://www.instagram.com/p/CAGJjEFHZlm/,12.5
https://www.instagram.com/p/B-Hsu-TnFIH/,12.5
https://www.instagram.com/p/CAK7-DvlK7W/,12.5
https://www.instagram.com/p/CAFx9CBgMjI/,12.5
https://www.instagram.com/p/CAFmQRYABel/,12.5
https://www.instagram.com/p/CAKaW_KFpeG/,12.5
https://www.instagram.com/p/CAIvD0DHM9a/,12.5
https://www.instagram.com/p/CAJbGvGAQ08/,12.5
https://www.instagram.com/p/CAGp8TtH1c4/,12.5
https://www.instagram.com/p/CAH7lvPoPO8/,12.5
https://www.instagram.com/p/CAGUDvVHuqw/,12.5
https://www.instagram.com/p/CAKbJwRn7FG/,12.5
https://www.instagram.com/p/CAKrOeDlqbS/,12.5
https://www.instagram.com/p/CAIWuc4AgOq/,12.5
https://www.instagram.com/p/CAKac2GFLfu/,12.5
https://www.instagram.com/p/CALEtfuB9Ql/,12.5
https://www.instagram.com/p/CAHVqTaAnzp/,12.5
https://www.instagram.com/p/CAI5fRaHkyT/,12.5
https://www.instagram.com/p/CAInIsfAFQy/,12.5
https://www.instagram.com/p/CAKm3AVnYpB/,12.5
https://www.instagram.com/p/CAItTKogQSa/,12.5
https://www.instagram.com/p/CAJNof0HU4o/,12.5
https://www.instagram.com/p/CAJ_rqkAzZA/,12.5
https://www.instagram.com/p/CAHNIVVAzV6/,12.5
https://www.instagram.com/p/CAH5_C5ACy4/,12.5
https://www.instagram.com/p/CAIopoJHwXC/,12.5
https://www.instagram.com/p/CAK882cgPQe/,12.5
https://www.instagram.com/p/CAKrRXVl_3H/,12.5
https://www.instagram.com/p/CAK6c3zlyi9/,12.5
https://www.instagram.com/p/CAKw2q3F69n/,12.5
https://www.instagram.com/p/CAK6aOeFjS2/,12.5
https://www.instagram.com/p/CAF1UqZpNHX/,12.5
https://www.instagram.com/p/CAKwyB0FMj6/,12.5
https://www.instagram.com/p/CAKBixfAudq/,12.5
https://www.instagram.com/p/CAHe287BIok/,12.5
https://www.instagram.com/p/CALBPIHlK_D/,12.5
https://www.instagram.com/p/CAK-p_qgYVV/,12.5
https://www.instagram.com/p/CAKL2X6g7WJ/,12.5
https://www.instagram.com/p/CALBPIHlK_D/,12.5
https://www.instagram.com/p/CAIL7GkAEnR/,12.5
https://www.instagram.com/p/CAK_qavA3p8/,12.5
https://www.instagram.com/p/CAHfFfZHQFa/,12.5
https://www.instagram.com/p/CAGPOrdnnEo/,12.5
https://www.instagram.com/p/CAI9Mw8Jzzv/,12.5
https://www.instagram.com/p/CAILjQLF1H2/,12.5
https://www.instagram.com/p/CAILjQLF1H2/,12.5
https://www.instagram.com/p/CAK9OU9g6tv/,12.5
https://www.instagram.com/p/CAK9OU9g6tv/,12.5
https://www.instagram.com/p/CAHrKSjAs6i/,12.5
https://www.instagram.com/p/CALBTjelSBG/,12.5
https://www.instagram.com/p/CAFQq0MFwuJ/,12.5
https://www.instagram.com/p/CAGXEf9gYlh/,12.5
https://www.instagram.com/p/CALBTjelSBG/,12.5
https://www.instagram.com/p/CAG5HdWArZs/,12.5
https://www.instagram.com/p/CAHoBuMgm7C/,12.5
https://www.instagram.com/p/CAF0KmPFdei/,12.5
https://www.instagram.com/p/CAE936Ag-D1/,12.5
https://www.instagram.com/p/CAF0KmPFdei/,12.5
https://www.instagram.com/p/CAIbP39gmBO/,12.5
https://www.instagram.com/p/CAISxo6pM_9/,12.5
https://www.instagram.com/p/CAJqq3_jxd5/,12.5
https://www.instagram.com/p/CAGMNIog8p_/,12.5
https://www.instagram.com/p/CAFNNsKA8Xo/,12.5
https://www.instagram.com/p/CAHe46pjP1K/,12.5
https://www.instagram.com/p/CAGk07El6bZ/,12.5
https://www.instagram.com/p/CALE0hzJmyA/,12.5
https://www.instagram.com/p/CALHMPbF4yi/,12.5
https://www.instagram.com/p/CALD9z8DG5f/,12.5
https://www.instagram.com/p/CALAicSpFxn/,12.5
https://www.instagram.com/p/CALEbmNpgoL/,12.5
https://www.instagram.com/p/CALD5GWAUZw/,12.5
https://www.instagram.com/p/CALAgUYBOaH/,12.5
https://www.instagram.com/p/CAA-hW3HBUE/,10
https://www.instagram.com/p/CAA9PG7lC8S/,10
https://www.instagram.com/p/CAA-KyygOWX/,10
https://www.instagram.com/p/CAFZy7ng-n7/,10
https://www.instagram.com/p/CAFLNisgzNU/,10
https://www.instagram.com/p/CALA6IHjnTR/,10
https://www.instagram.com/p/B_9RFTqJIOl/,10
https://www.instagram.com/p/CAJ9m6Jpsh6/,10
https://www.instagram.com/p/B_9RLxDJVQM/,10
https://www.instagram.com/p/CAJWR5KJYNj/,10
https://www.instagram.com/p/CAGgiT7pcxp/,10
https://www.instagram.com/p/CAH6VCnAUez/,10
https://www.instagram.com/p/CAG0mmWA1xs/,10
https://www.instagram.com/p/B_v4KJ-p0RG/,10
https://www.instagram.com/p/CAFlRiwn5Jh/,10
https://www.instagram.com/p/B_wc65EJKdD/,10
https://www.instagram.com/p/CAK8B7WDDqe/,10
https://www.instagram.com/p/B_rFp7FpiiF/,10
https://www.instagram.com/p/B_uuRO0pk_0/,10
https://www.instagram.com/p/B_yh8k_pKoG/,10
https://www.instagram.com/p/CAIMg--oI70/,10
https://www.instagram.com/p/CAKtJfppGCJ/,10
https://www.instagram.com/p/CAK85yIHx8M/,10
https://www.instagram.com/p/CAGpLHtFKYn/,10
https://www.instagram.com/p/CAISZ4-FLFf/,10
https://www.instagram.com/p/CAFpQ8eAWJQ/,10
https://www.instagram.com/p/CAFm7Hll5_m/,10
https://www.instagram.com/p/B9o9yu0hjOY/,10
https://www.instagram.com/p/B9l6D2SBrv0/,10
https://www.instagram.com/p/CAEx19-AxYJ/,10
https://www.instagram.com/p/B9uB_I7BmMx/,10
https://www.instagram.com/p/CAF7jSfHF-D/,10
https://www.instagram.com/p/CAGAFyso350/,10
https://www.instagram.com/p/CAK7pSJgNxG/,10
https://www.instagram.com/p/CAE6e56AY6m/,10
https://www.instagram.com/p/CAGE6lPgGNY/,10
https://www.instagram.com/p/CAKyjEUl9CH/,10
https://www.instagram.com/p/CAIBl6NH4LM/,10
https://www.instagram.com/p/CAFNSCegLnD/,10
https://www.instagram.com/p/CAGpvsoFwc-/,10
https://www.instagram.com/p/B-KjfFohIKx/,10
https://www.instagram.com/p/CAJr3IiFXtc/,10
https://www.instagram.com/p/B-odbWpBDuM/,10
https://www.instagram.com/p/B27h33shfUt/,10
https://www.instagram.com/p/B-FJWZYhsTp/,10
https://www.instagram.com/p/CAGKwrJn9DC/,10
https://www.instagram.com/p/B1L-WVFh9ih/,10
https://www.instagram.com/p/B-Pwl5shUVt/,10
https://www.instagram.com/p/CAJz0i_gnlb/,10
https://www.instagram.com/p/CAKqJRwASms/,10
https://www.instagram.com/p/CAFoTDxHtvJ/,10
https://www.instagram.com/p/CAFvUD_JzlT/,10
https://www.instagram.com/p/CAK8GFHn7bZ/,10
https://www.instagram.com/p/CALGScPD5Qh/,10
https://www.instagram.com/p/B_yGsuynyWv/,0
https://www.instagram.com/p/B9R57wiJeF-/,0
https://www.instagram.com/p/CAA3PiWg5N1/,0
https://www.instagram.com/p/CAA3DhUA6_b/,0
https://www.instagram.com/p/CAAy7drDERR/,0
https://www.instagram.com/p/B8rPrkXFGXG/,0
https://www.instagram.com/p/CADKdjCJXw3/?igshid=1ah3k8rua8dzb,0
https://www.instagram.com/p/B_7bz0EJIHp/?igshid=xjwaj20kp6zh,0
https://www.instagram.com/p/B_4zYyUJbkZ/?igshid=negsoamzw2jn,0
https://www.instagram.com/p/B8PWu0tFA5i/?igshid=h4n6fm9rx3vz,0
https://www.instagram.com/p/B_fP4oSp9yn/,0
https://www.instagram.com/p/B_2PafgJSTm/,0
https://www.instagram.com/p/B-rmdAPJs8P/,0
https://www.instagram.com/p/B_z_82nHgpJ/,0
https://www.instagram.com/p/B_AII8CpPJ5/,0
https://www.instagram.com/p/CAABI4Jqg_R/,0
https://www.instagram.com/p/CAIfkQSKcJN/,0
https://www.instagram.com/p/CAIfkQSKcJN/,0
https://www.instagram.com/p/CAFuyebq1hW/,0
https://www.instagram.com/p/CAFuyebq1hW/,0
https://www.instagram.com/p/CAGbZXKndO9/,0
https://www.instagram.com/p/CAJuS76hohi/,0
https://www.instagram.com/p/CAIzrsmAYCB/,0
https://www.instagram.com/p/CAJEPqeJ4Q2/,0
https://www.instagram.com/p/CAJygwhj4nm/,0
https://www.instagram.com/p/CAGn3bUp2Xg/,0
https://www.instagram.com/p/CAILKZKJsrC/,0
https://www.instagram.com/p/CAFrpVhljsb/,0
https://www.instagram.com/p/CAFrpVhljsb/,0
https://www.instagram.com/p/CAFWmLlgRAD/,0
https://www.instagram.com/p/CAFz2kwAzMl/,0
https://www.instagram.com/p/CAK_9gdp84z/,0
https://www.instagram.com/p/CAK9ZyTJRN5/,0
https://www.instagram.com/p/CAIQHLslEw6/,0
https://www.instagram.com/p/CAIQHLslEw6/,0
https://www.instagram.com/p/CAIlHsvHuIP/,0
https://www.instagram.com/p/B-qNKHHlVX3/,0
https://www.instagram.com/p/CAGABvWgOGy/,0
https://www.instagram.com/p/CAK9THGjSfo/,0
https://www.instagram.com/p/CAK9THGjSfo/,0
https://www.instagram.com/p/CAF01uvA6pG/,0
https://www.instagram.com/p/B_zHLzIJI3l/,0
https://www.instagram.com/p/B_o50URpjF0/,0
https://www.instagram.com/p/CAIlh1LDK09/,0
https://www.instagram.com/p/CAK1AT5Db6j/,0
https://www.instagram.com/p/CAJVR0NDXjS/,0
https://www.instagram.com/p/CAK1AT5Db6j/,0
https://www.instagram.com/p/CAK7zSdJ-Tg/,0
https://www.instagram.com/p/B_zmrIfJ0f9/,0
https://www.instagram.com/p/CAGbcgwH7qJ/,0
https://www.instagram.com/p/CAGwC5-FZkm/,0
https://www.instagram.com/p/CAK98_dj7cQ/,0
https://www.instagram.com/p/CAH4A-dgrgM/,0
https://www.instagram.com/p/CAIroTunijH/,0
https://www.instagram.com/p/CAJnLWxBT_I/,0
https://www.instagram.com/p/CAIiZx5JjTb/,0
https://www.instagram.com/p/CALCY9_gp3A/,0
https://www.instagram.com/p/CAIfkS2FIIo/,0
https://www.instagram.com/p/CAFhuSSpn3C/,0
https://www.instagram.com/p/CAIR1ZwguTq/,0
https://www.instagram.com/p/CAFyWFuqXzA/,0
https://www.instagram.com/p/CAG1isWgyHa/,0
https://www.instagram.com/p/CAGwnI5l0rY/,0
https://www.instagram.com/p/CAJZTvJpPOD/,0
https://www.instagram.com/p/CAGQNd8Jk7g/,0
https://www.instagram.com/p/CAGzptfJRnq/,0
https://www.instagram.com/p/CAHKR6AghJS/,0
https://www.instagram.com/p/CAJbTI2FX5v/,0
https://www.instagram.com/p/CAKvBEDp_uE/,0
https://www.instagram.com/p/CAFEQIBgFfx/,0
https://www.instagram.com/p/CAKvBEDp_uE/,0
https://www.instagram.com/p/CAJ9ekVAJ_E/,0
https://www.instagram.com/p/CAIrDntgXj1/,0
https://www.instagram.com/p/CAFlPtuJwWI/,0
https://www.instagram.com/p/CAGHsz0n7Vp/,0
https://www.instagram.com/p/CAGSWMbHZl8/,0
https://www.instagram.com/p/CAGcAsnFWsf/,0
https://www.instagram.com/p/CAI5UBmAY9g/,0
https://www.instagram.com/p/CAJYUYKH0iv/,0
https://www.instagram.com/p/CAHmCP1gsn3/,0
https://www.instagram.com/p/CAK_6cOgCRT/,0
https://www.instagram.com/p/CAGYI09nW6U/,0
https://www.instagram.com/p/CAIXs-dgj_r/,0
https://www.instagram.com/p/CAJoof0BzIQ/,0
https://www.instagram.com/p/CAISwc_psmR/,0
https://www.instagram.com/p/CAF1AW3pObx/,0
https://www.instagram.com/p/CAK1gsXAOt5/,0
https://www.instagram.com/p/CAGZWsqJh36/,0
https://www.instagram.com/p/CAIJBC_J2T9/,0
https://www.instagram.com/p/CAJOnnsHEa4/,0
https://www.instagram.com/p/CAH84UuAfAV/,0
https://www.instagram.com/p/CAEfCpiALxB/,0
https://www.instagram.com/p/CAKreyqAr3Q/,0
https://www.instagram.com/p/CAG23Tvp3il/,0
https://www.instagram.com/p/CAI-rG2neE_/,0
https://www.instagram.com/p/CAFw2fjlZJn/,0
https://www.instagram.com/p/CAFkR-sgoT_/,0
https://www.instagram.com/p/CALEQOxJZ3H/,0
https://www.instagram.com/p/CAKMXDvAl_Q/,0
https://www.instagram.com/p/CALCNW1FRZq/,0
https://www.instagram.com/p/CAJmVm9ACU1/,0
https://www.instagram.com/p/CAIeFGpJ1Bs/,0
https://www.instagram.com/p/CAHWjN_gclf/,0
https://www.instagram.com/p/CAKrIggJUow/,0
https://www.instagram.com/p/CAKevq6FzDS/,0
https://www.instagram.com/p/CAE8FP9g-4x/,0
https://www.instagram.com/p/CALHSd9KC1I/,0
https://www.instagram.com/p/CAK-CcZhuJT/,0
https://www.instagram.com/p/CAKATMTAkxk/,0
https://www.instagram.com/p/CAHhiuKl2ae/,0
https://www.instagram.com/p/CAF951YlcT9/,0
https://www.instagram.com/p/CALDqVnB9u2/,0
https://www.instagram.com/p/CALHdUwAgqk/,0
https://www.instagram.com/p/CALBu6kFRzn/,0
https://www.instagram.com/p/CALCeUYgXNn/,0
https://www.instagram.com/p/CALDAusgiI8/,0
https://www.instagram.com/p/CALErCcBgHF/,0
https://www.instagram.com/p/CALGhQQlDNj/,0
