https://www.instagram.com/p/CALCDiOlzrC/,50
https://www.instagram.com/p/CALDHUohpf_/,50
https://www.instagram.com/p/CALIeILnz5B/,50
https://www.instagram.com/p/CALHmlZly86/,50
https://www.instagram.com/p/CALEINrl_l4/,50
https://www.instagram.com/p/CALGTLCpkjO/,50
https://www.instagram.com/p/CALD7obh5-Y/,50
https://www.instagram.com/p/CALBTIJgb6e/,50
https://www.instagram.com/p/CALBnfcJ6IU/,50
https://www.instagram.com/p/CALEl7LBmS9/,50
https://www.instagram.com/p/CALBYklHyEe/,50
https://www.instagram.com/p/CALB0C-FTXj/,50
https://www.instagram.com/p/CALAfZ8AS7O/,50
https://www.instagram.com/p/CALGBSqFWx8/,50
https://www.instagram.com/p/CALHR7thrQT/,50
https://www.instagram.com/p/CALHLhkl2lS/,50
https://www.instagram.com/p/CALH7k6j3KG/,50
https://www.instagram.com/p/CALGQjsFkEE/,50
https://www.instagram.com/p/CALCTLvAZer/,50
https://www.instagram.com/p/CALCH8gB_AL/,50
https://www.instagram.com/p/CAOX5U9FVNP/,50
https://www.instagram.com/p/CAO3OSDpdfi/,50
https://www.instagram.com/p/CANDsSegIX5/,50
https://www.instagram.com/p/CANacQrADCu/,50
https://www.instagram.com/p/CAO0kasHi6e/,50
https://www.instagram.com/p/B7atmWdDjA7/,50
https://www.instagram.com/p/CAOkmdFJuiI/,50
https://www.instagram.com/p/CAOtbDPlXvF/,50
https://www.instagram.com/p/CAOZzbmJJOo/,50
https://www.instagram.com/p/CAO7ih4lk9E/,50
https://www.instagram.com/p/CAOpdHql3zn/,50
https://www.instagram.com/p/CAPEdl6JPRC/,50
https://www.instagram.com/p/CAOec0BhNTB/,50
https://www.instagram.com/p/CAOeWpVluF2/,50
https://www.instagram.com/p/CAO9v3gFF9a/,50
https://www.instagram.com/p/CAOirLxBMLT/,50
https://www.instagram.com/p/CAOrfArnwXs/,50
https://www.instagram.com/p/CAOl7ycjYmC/,50
https://www.instagram.com/p/CAOrdoqDYMr/,50
https://www.instagram.com/p/CANF97FJ-zY/,50
https://www.instagram.com/p/CAJ6-yqnBsz/,50
https://www.instagram.com/p/CAOzuc3jQ6-/,50
https://www.instagram.com/p/CAOs3WXAmd_/,50
https://www.instagram.com/p/CAOoYKlHMAv/,50
https://www.instagram.com/p/CAOukJdF4Rx/,50
https://www.instagram.com/p/CAOukJdF4Rx/,50
https://www.instagram.com/p/CANoYSDlQla/,50
https://www.instagram.com/p/CAO2VsHDXR-/,50
https://www.instagram.com/p/CALFMgujNAF/,47.5
https://www.instagram.com/p/CANjrR2H0qy/,47.5
https://www.instagram.com/p/CANiwC4nakm/,47.5
https://www.instagram.com/p/CANioy8HUD-/,47.5
https://www.instagram.com/p/CANgQboH4lM/,47.5
https://www.instagram.com/p/CALAnwipNcX/,45
https://www.instagram.com/p/CALHSAjHu4F/,37.5
https://www.instagram.com/p/CALIdVgnoZ8/,37.5
https://www.instagram.com/p/CALFUnuAV1T/,37.5
https://www.instagram.com/p/CALHWGDA_MF/,37.5
https://www.instagram.com/p/CALFlCFhsam/,37.5
https://www.instagram.com/p/CALItiXgqKa/,37.5
https://www.instagram.com/p/CALDtNwntSH/,37.5
https://www.instagram.com/p/CALAaukAE51/,37.5
https://www.instagram.com/p/CALIJRIFypl/,37.5
https://www.instagram.com/p/CALE-rclnS-/,37.5
https://www.instagram.com/p/CALB0CiHOk5/,37.5
https://www.instagram.com/p/CALDJzPBNv8/,37.5
https://www.instagram.com/p/CALEaxBAGUL/,37.5
https://www.instagram.com/p/CALAYTZDfMw/,37.5
https://www.instagram.com/p/CALGgi0gVKr/,37.5
https://www.instagram.com/p/CALFzPfAkXr/,37.5
https://www.instagram.com/p/CALJK2zALTH/,37.5
https://www.instagram.com/p/CAOwSWqFAOv/,37.5
https://www.instagram.com/p/CANQF24lJTD/,37.5
https://www.instagram.com/p/CAOl4qgANKb/,37.5
https://www.instagram.com/p/CAO_CztgBah/,37.5
https://www.instagram.com/p/CAOd1AajxgM/,37.5
https://www.instagram.com/p/CAMuPe7nXBv/,37.5
https://www.instagram.com/p/CAMuPe7nXBv/,37.5
https://www.instagram.com/p/CAO0zIAgh83/,37.5
https://www.instagram.com/p/CAOruZ9FYZg/,37.5
https://www.instagram.com/p/CAOR-quJwrV/,37.5
https://www.instagram.com/p/CAOcdzQjp_s/,37.5
https://www.instagram.com/p/CAOR-quJwrV/,37.5
https://www.instagram.com/p/CANjipNnlSX/,37.5
https://www.instagram.com/p/CANR1HcAPBf/,37.5
https://www.instagram.com/p/CAO5nZxlLY5/,37.5
https://www.instagram.com/p/CAOoomDHg9i/,37.5
https://www.instagram.com/p/CAObvuvl8Uc/,37.5
https://www.instagram.com/p/CAOwYuppqLR/,37.5
https://www.instagram.com/p/CANjUPpnHQl/,37.5
https://www.instagram.com/p/CAOswEnn11f/,37.5
https://www.instagram.com/p/CAO0yM0AtXg/,37.5
https://www.instagram.com/p/CAO0yM0AtXg/,37.5
https://www.instagram.com/p/CAO6P17Dkvo/,37.5
https://www.instagram.com/p/CAO6P17Dkvo/,37.5
https://www.instagram.com/p/CAOhDjclIE6/,37.5
https://www.instagram.com/p/CANihpvHPU3/,37.5
https://www.instagram.com/p/CAOajTgAkDA/,37.5
https://www.instagram.com/p/CAOv4SQlWUl/,37.5
https://www.instagram.com/p/CAMW5llHuqW/,37.5
https://www.instagram.com/p/CAO-J42gBRw/,37.5
https://www.instagram.com/p/CAOlNXJJq8D/,37.5
https://www.instagram.com/p/CAOlLr8DvaH/,37.5
https://www.instagram.com/p/CALBqOYgi97/,35
https://www.instagram.com/p/CALF3G1FvND/,35
https://www.instagram.com/p/CAPEyIUJ3jU/,30
https://www.instagram.com/p/CALBKB6p8eU/,25
https://www.instagram.com/p/CALJGtjlyGn/,25
https://www.instagram.com/p/CALBHZLHHVh/,25
https://www.instagram.com/p/CALHJCgggkz/,25
https://www.instagram.com/p/CALIdBRJWc3/,25
https://www.instagram.com/p/CALJopYA_Dr/,25
https://www.instagram.com/p/CALCdQ-JzXo/,25
https://www.instagram.com/p/CALFJmpphRk/,25
https://www.instagram.com/p/CALFwcWgMns/,25
https://www.instagram.com/p/CALB7gWlDms/,25
https://www.instagram.com/p/CALHq02F5-Z/,25
https://www.instagram.com/p/CALEeV1J8QA/,25
https://www.instagram.com/p/CALGWjPlxVI/,25
https://www.instagram.com/p/CALBkP_F2NL/,25
https://www.instagram.com/p/CALGBCSDxma/,25
https://www.instagram.com/p/CALBMz2AVeV/,25
https://www.instagram.com/p/CALB5udJkDu/,25
https://www.instagram.com/p/CALGcHelZZj/,25
https://www.instagram.com/p/CALG5-9F-dS/,25
https://www.instagram.com/p/CALBvMGjiTq/,25
https://www.instagram.com/p/CALFuu2DZm0/,25
https://www.instagram.com/p/CALCEwFHtDw/,25
https://www.instagram.com/p/CALAceDFk9u/,25
https://www.instagram.com/p/CALDA04gUfn/,25
https://www.instagram.com/p/CALAcrHlkLn/,25
https://www.instagram.com/p/CALAkG-HMh1/,25
https://www.instagram.com/p/CALFo7gnDVE/,25
https://www.instagram.com/p/CALCU_xAQvC/,25
https://www.instagram.com/p/CALGteYJ6uw/,25
https://www.instagram.com/p/CAPEbvoAwEN/,25
https://www.instagram.com/p/CAOxWYcFoo6/,25
https://www.instagram.com/p/CAPEbdnA2I_/,25
https://www.instagram.com/p/CAOsj1LFkml/,25
https://www.instagram.com/p/CAPELpqHNxR/,25
https://www.instagram.com/p/CAO02vmJc42/,25
https://www.instagram.com/p/CAPEYo3qDUK/,25
https://www.instagram.com/p/CAHo5BTo2cS/,25
https://www.instagram.com/p/CAOVEBWj69a/,25
https://www.instagram.com/p/CAPESV2jk8O/,25
https://www.instagram.com/p/CAOtUWNBn6d/,25
https://www.instagram.com/p/CAOrLvzA9TE/,25
https://www.instagram.com/p/CAOvOVxA3XX/,25
https://www.instagram.com/p/CAPEkr0AnPo/,25
https://www.instagram.com/p/CAPEoeCDdcO/,25
https://www.instagram.com/p/CAOfUcOlFl7/,25
https://www.instagram.com/p/CAOVAc4AyJq/,25
https://www.instagram.com/p/CAO4kOtjxhW/,25
https://www.instagram.com/p/CAPEyWaAuqH/,25
https://www.instagram.com/p/B_stFY5nBAR/,25
https://www.instagram.com/p/CAO61WRgjMq/,25
https://www.instagram.com/p/CAOYaDhHyZU/,25
https://www.instagram.com/p/CAO08ubFQLu/,25
https://www.instagram.com/p/CAOr7udlpa0/,25
https://www.instagram.com/p/CAOovFUB3sF/,25
https://www.instagram.com/p/CAPEn9LACtG/,25
https://www.instagram.com/p/CAMp54cJ9BU/,25
https://www.instagram.com/p/CALBPpDgh-0/,22.5
https://www.instagram.com/p/CALIDcrhdvm/,22.5
https://www.instagram.com/p/CALFLlmluml/,22.5
https://www.instagram.com/p/CALF8yzg33t/,22.5
https://www.instagram.com/p/CALGNx5lkTw/,22.5
https://www.instagram.com/p/CALGGA-BMl_/,22.5
https://www.instagram.com/p/CALHP_bA1qY/,22.5
https://www.instagram.com/p/CALEVsfB9jI/,22.5
https://www.instagram.com/p/CAO-ErKpktm/,22.5
https://www.instagram.com/p/CAPAs-ZA0DW/,22.5
https://www.instagram.com/p/CALAgLBAdn_/,20
https://www.instagram.com/p/BZwquEmAWmN/,20
https://www.instagram.com/p/CALE0hzJmyA/,12.5
https://www.instagram.com/p/CALHMPbF4yi/,12.5
https://www.instagram.com/p/CALD9z8DG5f/,12.5
https://www.instagram.com/p/CALAicSpFxn/,12.5
https://www.instagram.com/p/CALDkJlFKEB/,12.5
https://www.instagram.com/p/CALEbmNpgoL/,12.5
https://www.instagram.com/p/CALD5GWAUZw/,12.5
https://www.instagram.com/p/CALAgUYBOaH/,12.5
https://www.instagram.com/p/CALAng9FKfc/,12.5
https://www.instagram.com/p/CALBPcTgNGD/,12.5
https://www.instagram.com/p/CALFxlaldA9/,12.5
https://www.instagram.com/p/CALEYhPDdBu/,12.5
https://www.instagram.com/p/CALGI4OAgs7/,12.5
https://www.instagram.com/p/CALEsmPloLf/,12.5
https://www.instagram.com/p/CALAsEsJccJ/,12.5
https://www.instagram.com/p/CALCpkDgfmM/,12.5
https://www.instagram.com/p/CALBUt-lr9E/,12.5
https://www.instagram.com/p/CALGl46h5OO/,12.5
https://www.instagram.com/p/CALE6BcF1Pd/,12.5
https://www.instagram.com/p/CALGSUoBYHV/,12.5
https://www.instagram.com/p/CALBGqNA-_O/,12.5
https://www.instagram.com/p/CALGFgUl0QV/,12.5
https://www.instagram.com/p/CALFWv7BkNI/,12.5
https://www.instagram.com/p/CALB-s4FZy4/,12.5
https://www.instagram.com/p/CALCBfLjI0F/,12.5
https://www.instagram.com/p/CALEWU_FS99/,12.5
https://www.instagram.com/p/CALEbQvDMGM/,12.5
https://www.instagram.com/p/CALCJq2Jil2/,12.5
https://www.instagram.com/p/CALAahLFO9c/,12.5
https://www.instagram.com/p/CALGSrKpox8/,12.5
https://www.instagram.com/p/CALFDq2F8_d/,12.5
https://www.instagram.com/p/CALDxSDDAEt/,12.5
https://www.instagram.com/p/CALF5ciFKoU/,12.5
https://www.instagram.com/p/CALIemuDfXW/,12.5
https://www.instagram.com/p/CALIZ9tBujc/,12.5
https://www.instagram.com/p/CALET4rB3ns/,12.5
https://www.instagram.com/p/CALB6M2lkNt/,12.5
https://www.instagram.com/p/CALCf7InI1r/,12.5
https://www.instagram.com/p/CALCSW2jOX2/,12.5
https://www.instagram.com/p/CALDjbhj3QA/,12.5
https://www.instagram.com/p/CALDfsvlUJ1/,12.5
https://www.instagram.com/p/CALDXCkBJrv/,12.5
https://www.instagram.com/p/CALHNtIll_X/,12.5
https://www.instagram.com/p/CALGNF-HAE6/,12.5
https://www.instagram.com/p/CALF44opsr8/,12.5
https://www.instagram.com/p/CALFL6OnK-B/,12.5
https://www.instagram.com/p/CALHbE7JBkS/,12.5
https://www.instagram.com/p/CALB2EQJErA/,12.5
https://www.instagram.com/p/CALGNV4p0NG/,12.5
https://www.instagram.com/p/CALFvKrJgLv/,12.5
https://www.instagram.com/p/CALHyNxJioV/,12.5
https://www.instagram.com/p/CALG4J4Axcs/,12.5
https://www.instagram.com/p/CALI7x2Fbms/,12.5
https://www.instagram.com/p/CANJxZNFzel/,12.5
https://www.instagram.com/p/CAO5x-fnCZC/,12.5
https://www.instagram.com/p/CAM8tXSgui_/,12.5
https://www.instagram.com/p/CAO3KYhASNv/,12.5
https://www.instagram.com/p/CAO2I0Kja5k/,12.5
https://www.instagram.com/p/CAO2I0Kja5k/,12.5
https://www.instagram.com/p/CAO2I0Kja5k/,12.5
https://www.instagram.com/p/CAOxb06nJDg/,12.5
https://www.instagram.com/p/CAOvkMUF5J5/,12.5
https://www.instagram.com/p/CAO2N6HhMMA/,12.5
https://www.instagram.com/p/CAOPZ7opgT_/,12.5
https://www.instagram.com/p/CAO1H7alWhG/,12.5
https://www.instagram.com/p/CAO1H7alWhG/,12.5
https://www.instagram.com/p/CAPES0QJ-qK/,12.5
https://www.instagram.com/p/CAO1svCHnss/,12.5
https://www.instagram.com/p/CAOspfVgcge/,12.5
https://www.instagram.com/p/CAO4lMmgW7m/,12.5
https://www.instagram.com/p/CAO6ymFAeKP/,12.5
https://www.instagram.com/p/CAO5GWqH8EJ/,12.5
https://www.instagram.com/p/CANOstsAS2A/,12.5
https://www.instagram.com/p/CAObLG4hIzE/,12.5
https://www.instagram.com/p/CAPEw8_Do6M/,12.5
https://www.instagram.com/p/CAOaEs5BiHR/,12.5
https://www.instagram.com/p/CAOVNdvKfI0/,12.5
https://www.instagram.com/p/CANzgM7IKev/,12.5
https://www.instagram.com/p/CAPE0YPgL9U/,12.5
https://www.instagram.com/p/CAOaaICnD4c/,12.5
https://www.instagram.com/p/CAPErgOA44R/,12.5
https://www.instagram.com/p/CAPEgYohZmV/,12.5
https://www.instagram.com/p/CAPEpZCgwnc/,12.5
https://www.instagram.com/p/CAOmJRUIKsN/,12.5
https://www.instagram.com/p/CAPEf0kpqF1/,12.5
https://www.instagram.com/p/CAPEVS3AEIZ/,12.5
https://www.instagram.com/p/CAO4_YaDpRO/,12.5
https://www.instagram.com/p/CALGScPD5Qh/,10
https://www.instagram.com/p/CALEzRMFosX/,10
https://www.instagram.com/p/CALGIvNA6zF/,10
https://www.instagram.com/p/CALA_c-g5hf/,10
https://www.instagram.com/p/B2uRxURIjDx/,10
https://www.instagram.com/p/CAOsWYvFLCx/,10
https://www.instagram.com/p/B46o8GuHf4e/,10
https://www.instagram.com/p/B45PfHZH6X3/,10
https://www.instagram.com/p/CAO81lNHRXP/,10
https://www.instagram.com/p/CAOVF7LjWIC/,10
https://www.instagram.com/p/B8T6DCaHygf/,10
https://www.instagram.com/p/B7eZ3gWncXU/,10
https://www.instagram.com/p/CALDqVnB9u2/,0
https://www.instagram.com/p/CALHdUwAgqk/,0
https://www.instagram.com/p/CALBu6kFRzn/,0
https://www.instagram.com/p/CALCeUYgXNn/,0
https://www.instagram.com/p/CALDAusgiI8/,0
https://www.instagram.com/p/CALErCcBgHF/,0
https://www.instagram.com/p/CALGhQQlDNj/,0
https://www.instagram.com/p/CALGflHlbY2/,0
https://www.instagram.com/p/CALIrOyFXIj/,0
https://www.instagram.com/p/CALDJJYhcNy/,0
https://www.instagram.com/p/CALEFfVgEI6/,0
https://www.instagram.com/p/CALD5ukhZ0_/,0
https://www.instagram.com/p/CALFpxUDFsW/,0
https://www.instagram.com/p/CALAYLsJG3U/,0
https://www.instagram.com/p/CALAlFZnhHh/,0
https://www.instagram.com/p/CALDUIug5GR/,0
https://www.instagram.com/p/CALAsdYj246/,0
https://www.instagram.com/p/CALGiImJ6z_/,0
https://www.instagram.com/p/CALD2W5FOYV/,0
https://www.instagram.com/p/CALIIi1lLPs/,0
https://www.instagram.com/p/CALCkxdg3_R/,0
https://www.instagram.com/p/CALGqvGp0YM/,0
https://www.instagram.com/p/CALAdgAgsRY/,0
https://www.instagram.com/p/CALGFHwgiRm/,0
https://www.instagram.com/p/CALGLCfJYoh/,0
https://www.instagram.com/p/CALHZ4GHR60/,0
https://www.instagram.com/p/CALDTKZJmab/,0
https://www.instagram.com/p/CALBwEkhosu/,0
https://www.instagram.com/p/CALEXEvD8gO/,0
https://www.instagram.com/p/CALCte7JzhK/,0
https://www.instagram.com/p/CALFVp9nIAX/,0
https://www.instagram.com/p/CALFHkjjnSi/,0
https://www.instagram.com/p/CALBEWeFBIn/,0
https://www.instagram.com/p/CALEAwwJIXB/,0
https://www.instagram.com/p/CALEmkBBG03/,0
https://www.instagram.com/p/CALGjqXnnVf/,0
https://www.instagram.com/p/CALBCn8pJza/,0
https://www.instagram.com/p/CALBIAHpcvf/,0
https://www.instagram.com/p/CALHtitHoAG/,0
https://www.instagram.com/p/CALH5LIjcWS/,0
https://www.instagram.com/p/CALIpVaJCBA/,0
https://www.instagram.com/p/CALGxmkBnlP/,0
https://www.instagram.com/p/CALGEAiDh0y/,0
https://www.instagram.com/p/CALEFC1n_EJ/,0
https://www.instagram.com/p/CALDg8VHtDz/,0
https://www.instagram.com/p/CALGHdOpGSb/,0
https://www.instagram.com/p/CALCSMxH5EV/,0
https://www.instagram.com/p/CALHEt4pgpy/,0
https://www.instagram.com/p/CALH6Fqjfen/,0
https://www.instagram.com/p/CALD8s7H9eJ/,0
https://www.instagram.com/p/CALD0JADU7S/,0
https://www.instagram.com/p/CALCq_-D35y/,0
https://www.instagram.com/p/CALAYQznQYw/,0
https://www.instagram.com/p/CALHyUVgs7a/,0
https://www.instagram.com/p/CALC15lgc3c/,0
https://www.instagram.com/p/CALHmhHD6fH/,0
https://www.instagram.com/p/CALHU54DWgs/,0
https://www.instagram.com/p/CALGgBNFp6B/,0
https://www.instagram.com/p/CALFxOjJA6g/,0
https://www.instagram.com/p/CALCDr6g2Q6/,0
https://www.instagram.com/p/CALA99jjRpm/,0
https://www.instagram.com/p/B_qKLL5BH-Z/,0
https://www.instagram.com/p/CAPEah5gv6x/,0
https://www.instagram.com/p/B-LO2GAnjF1/,0
https://www.instagram.com/p/CAPEfpWATHy/,0
https://www.instagram.com/p/CAPElsdju1u/,0
https://www.instagram.com/p/CAO4rWjlomh/,0
https://www.instagram.com/p/CAOndY6AimG/,0
https://www.instagram.com/p/CANWC7kjKho/,0
https://www.instagram.com/p/CAK4RIcDNiK/,0
https://www.instagram.com/p/CAOgDXPnJMa/,0
https://www.instagram.com/p/CAO8V-EJl6i/,0
https://www.instagram.com/p/CAPEtmhAkhQ/,0
https://www.instagram.com/p/B_7Kz7lBsAE/,0
https://www.instagram.com/p/CAOXhZpM-pE/,0
https://www.instagram.com/p/CAOq5tSA2sU/,0
https://www.instagram.com/p/CAO759og_Ow/,0
https://www.instagram.com/p/CAO85wJAn0X/,0
https://www.instagram.com/p/B9j0OEVhWIY/,0
https://www.instagram.com/p/CAPCcX8A4VH/,0
https://www.instagram.com/p/CAOIv49D72P/,0
https://www.instagram.com/p/CAOoCKylFOy/,0
https://www.instagram.com/p/CAOpdUxBqn6/,0
https://www.instagram.com/p/CAGrZVgnLGt/,0
https://www.instagram.com/p/B_xfgXgB27m/,0
https://www.instagram.com/p/CAOqI3GnuVs/,0
https://www.instagram.com/p/CAO1drEBQUK/,0
https://www.instagram.com/p/CAOhKyGJoDa/,0
https://www.instagram.com/p/CAO9TRwD_mk/,0
https://www.instagram.com/p/CAO8sGuHBqw/,0
https://www.instagram.com/p/CAO9XfDnCZK/,0
https://www.instagram.com/p/CAOn8ixFkZc/,0
https://www.instagram.com/p/CAOiTEUncQk/,0
https://www.instagram.com/p/CAOhbMknnjr/,0
https://www.instagram.com/p/CAO8ef-AFnk/,0
https://www.instagram.com/p/B-Hq78vB4Eb/,0
https://www.instagram.com/p/CAOwblfgpvu/,0
https://www.instagram.com/p/CAO1E5on2KR/,0
https://www.instagram.com/p/B6P4Up0D5V2/,0
https://www.instagram.com/p/CAOv5suFdcc/,0
https://www.instagram.com/p/CAO36-hAmjd/,0
https://www.instagram.com/p/CAO_l6IFJfT/,0
https://www.instagram.com/p/CAO3z7KA6dH/,0
https://www.instagram.com/p/CAOo9bnDiKb/,0
https://www.instagram.com/p/B3XHRPajp1T/,0
https://www.instagram.com/p/CAO46hUhWYp/,0
https://www.instagram.com/p/CAO2lgBplix/,0
https://www.instagram.com/p/B_wi7ghgMeL/,0
https://www.instagram.com/p/CAPEzfLpgt2/,0
https://www.instagram.com/p/CAO0N6WAQjV/,0
https://www.instagram.com/p/B_2YjcGj5u0/,0
https://www.instagram.com/p/B4_IUKfFO0I/,0
https://www.instagram.com/p/B_358MKHoWv/,0
https://www.instagram.com/p/B6h144OD0oZ/,0
https://www.instagram.com/p/CAOe99npqwO/,0
https://www.instagram.com/p/CAO15megJ7h/,0
https://www.instagram.com/p/CAOmU0GAbqU/,0
https://www.instagram.com/p/CAOxT8wBSZT/,0
https://www.instagram.com/p/CALPZC4DEri/,0
https://www.instagram.com/p/CAO8gmgHGnz/,0
https://www.instagram.com/p/CALPZC4DEri/,0
https://www.instagram.com/p/CAO0kpEH5hD/,0
https://www.instagram.com/p/CAO4pDSgl8K/,0
https://www.instagram.com/p/CAPEqfepOvk/,0
https://www.instagram.com/p/CAPBPWsBNBK/,0
https://www.instagram.com/p/CAO1P6bH3-Q/,0
https://www.instagram.com/p/CANe9xcBf_Y/,0
https://www.instagram.com/p/CAO8TMsBHuK/,0
https://www.instagram.com/p/CAO5jG9ATMp/,0
https://www.instagram.com/p/CAO2dO5FZCu/,0
https://www.instagram.com/p/CAOpEW9Ae6L/,0
https://www.instagram.com/p/CADaliBj1KK/,0
https://www.instagram.com/p/CAPE1xbhh5d/,0
https://www.instagram.com/p/CANzEzyl6Yw/,0
https://www.instagram.com/p/B_54I0lFMJ9/,0
https://www.instagram.com/p/CAOpqTCHAHm/,0
https://www.instagram.com/p/CAPEarHA7r7/,0
https://www.instagram.com/p/CAPE1DfH4Ty/,0
https://www.instagram.com/p/B_tx_UwHGgZ/,0
https://www.instagram.com/p/CAOxv0qlts3/,0
https://www.instagram.com/p/B__UrnuD77m/,0
https://www.instagram.com/p/CAOpk-zlg7p/,0
https://www.instagram.com/p/CAOawZCA8Qd/,0
https://www.instagram.com/p/CAPEarHA7r7/,0
https://www.instagram.com/p/B21ShJTjwRh/,0
https://www.instagram.com/p/CAOpmXgggCC/,0
https://www.instagram.com/p/CAO1mouAhlt/,0
https://www.instagram.com/p/CAO_PcQDBd5/,0
https://www.instagram.com/p/B2_dKJ4Dc2F/,0
https://www.instagram.com/p/CAOrALoAOZX/,0
https://www.instagram.com/p/CAOne0BIw_f/,0
https://www.instagram.com/p/CAOp4frANAy/,0
https://www.instagram.com/p/CAPD0TGBOkZ/,0
https://www.instagram.com/p/B_hFzFxHzkX/,0
https://www.instagram.com/p/CAOpjYRBVm_/,0
https://www.instagram.com/p/CAPCWpTAGY_/,0
https://www.instagram.com/p/CAO9ap2Ae87/,0
https://www.instagram.com/p/CAO12P1IAKI/,0
https://www.instagram.com/p/CAO6w-hn7ha/,0
https://www.instagram.com/p/CAO6w-hn7ha/,0
https://www.instagram.com/p/B9v6XEenOOm/,0
https://www.instagram.com/p/CAPE00ynokF/,0
https://www.instagram.com/p/CALpoK7FKms/,0
https://www.instagram.com/p/B_-0ABWlTx6/,0
https://www.instagram.com/p/B_qWeFMHUsN/,0
https://www.instagram.com/p/CAO6GIxFo_8/,0
https://www.instagram.com/p/CAO45A6Jk6R/,0
https://www.instagram.com/p/CAOzduPFVAn/,0
https://www.instagram.com/p/CAOzBHhFtcs/,0
https://www.instagram.com/p/CAIE1ZgDMeh/,0
https://www.instagram.com/p/CAPEws0Hyum/,0
https://www.instagram.com/p/CAME50nDB9-/,0
https://www.instagram.com/p/CAOn6V7JIaT/,0
https://www.instagram.com/p/CAOs5zCh6vy/,0
https://www.instagram.com/p/B-qyW-dnBeZ/,0
https://www.instagram.com/p/CAOs0HRhACr/,0
https://www.instagram.com/p/CAOnL1gJo94/,0
https://www.instagram.com/p/CAPE2D4JjPD/,0
https://www.instagram.com/p/CAPEzq0nfxd/,0
https://www.instagram.com/p/CAEBkHYljaa/,0
https://www.instagram.com/p/CAO8xu1AG_I/,0
https://www.instagram.com/p/CAOyAkWAgly/,0
https://www.instagram.com/p/CAO-fffH0vO/,0
https://www.instagram.com/p/CAN6n0UFJlH/,0
https://www.instagram.com/p/B_rAsSuHFJ9/,0
https://www.instagram.com/p/B_pihXpnXan/,0
https://www.instagram.com/p/B_PqwvsHDEs/,0
https://www.instagram.com/p/B8V3wBOHus1/,0
https://www.instagram.com/p/CAOoWWDFyqi/,0
https://www.instagram.com/p/CAJIA9gJZRW/,0
https://www.instagram.com/p/CAOwsMtnkMT/,0
https://www.instagram.com/p/CAO-qipFBdf/,0
https://www.instagram.com/p/CAO4Hj1j6x-/,0
https://www.instagram.com/p/CAOwsMtnkMT/,0
https://www.instagram.com/p/B_pES_qHPpU/,0
https://www.instagram.com/p/CAPEV6tDwFD/,0
https://www.instagram.com/p/B_z57JpFzCK/,0
https://www.instagram.com/p/CAO58oGjK4e/,0
https://www.instagram.com/p/CAO0TDLF9rM/,0
https://www.instagram.com/p/CAOcpTpD2JX/,0
https://www.instagram.com/p/CAOZDXFlCZu/,0
https://www.instagram.com/p/B_phxtJH3z_/,0
https://www.instagram.com/p/CAOrMyplFRX/,0
https://www.instagram.com/p/CAOpVieDt5K/,0
https://www.instagram.com/p/CAPEPcjFiPI/,0
https://www.instagram.com/p/CAPCS4lnkLt/,0
https://www.instagram.com/p/CAPEfx5gJfn/,0
https://www.instagram.com/p/CAO524VjJlx/,0
https://www.instagram.com/p/CAO524VjJlx/,0
https://www.instagram.com/p/CAOzp3zgB-f/,0
https://www.instagram.com/p/CAOuuzZFcH2/,0
https://www.instagram.com/p/CAO1tcujJzp/,0
https://www.instagram.com/p/B2rzv45jd-3/,0
https://www.instagram.com/p/CAPEw6XgP9Y/,0
https://www.instagram.com/p/CAMWwF4DoC2/,0
https://www.instagram.com/p/CAOl420Hhoi/,0
https://www.instagram.com/p/CAOl054ARlc/,0
https://www.instagram.com/p/CAO8PnGlhC9/,0
https://www.instagram.com/p/CAOtME8jEbm/,0
https://www.instagram.com/p/CAOqOZdAOLv/,0
https://www.instagram.com/p/CAOgitjHyIm/,0
https://www.instagram.com/p/CAOgVVMHPB8/,0
https://www.instagram.com/p/CAOX0NhDthM/,0
https://www.instagram.com/p/CAPBiQPhyDe/,0
https://www.instagram.com/p/CANbFCunqhU/,0
https://www.instagram.com/p/B_MPgMwn2nq/,0
https://www.instagram.com/p/CAOmeIKlVKV/,0
https://www.instagram.com/p/CAPEjaDg4bX/,0
https://www.instagram.com/p/CAPEzOLlhOG/,0
https://www.instagram.com/p/CAO42UGBJKr/,0
https://www.instagram.com/p/CAOwG3KpPO9/,0
https://www.instagram.com/p/CAOoxn1g9uO/,0
https://www.instagram.com/p/CAOoKDiBQwJ/,0
https://www.instagram.com/p/CAOnd-wAbhf/,0
https://www.instagram.com/p/CAOnMpojxYY/,0
https://www.instagram.com/p/CAPBYV9nOl9/,0
