20_02_14_,75
__isabel10__,68.75
myuu.3,62.5
nayan_fresbee4u,56.25
chinmay_16,56.25
evelynchong1018,56.25
nimishchacko,56.25
ho2l_faustine,56.25
ji1__on.eee,56.25
asadshah_109,56.25
aki.1976_,56.25
_o2_o5_25,50
hinaaa420_cafe,50
murodovamadina9,50
miss_lola_19,50
abhinav2870,50
namastechild1978,50
mjp158,50
_dhruv__patil_41,43.75
sarthak8384,43.75
ladke_ki_photography,43.75
ed_badang90,43.75
naaana___07,37.5
surya_c_r_a_s_y_5,31.25
zareenclive,31.25
cinderella.core87,31.25
haann.h,31.25
jxx_ss,31.25
vikthegrande,31.25
cozinhandocomacarla,31.25
artbysabo_,31.25
binge.cooking,31.25
amankr.kushwaha,31.25
jocedrawings,31.25
rajae.serhane,31.25
innaptria,31.25
saint.joan.of.arc,31.25
dnjsdud_j,31.25
mr_arbaj_shah,31.25
never__mind__boy,31.25
hermine_diet,31.25
vincenzoalbicocco_,31.25
purple_fishh7,31.25
jimmymeatworld,31.25
vebphotoshop,31.25
aderson.alcantara,31.25
techie_chef_gal,31.25
dinochka__di,31.25
thefoodiecrushh,31.25
homefoodlondon,31.25
salman_khan_5814,31.25
eyeknox,31.25
kiligforfood,31.25
hugosilva_hs18,31.25
hiiiko.ttt,31.25
eatwith.alice,31.25
elclub_delasado,25
travel.with.len,25
foodieandherfood,25
mangiarsanoebuono,25
jeremygarcia.34,25
occhioallapentola,25
alxyna._,25
helenegjessing,25
laineelisewellness,25
bernardandpaul,25
sorriresonhar_,25
mylittlegourmand,25
_allypistocchi,25
gourmet_traveller,25
hwoaranglee,25
rachaellmurray,25
thatamateurfoodie,25
tanya_visual,25
penne_for_ur_thoughts,25
bishukakou_yuraku,25
jenshalalfood,25
_kartik_rdx,25
littlegreen_student,25
sayulipr,25
asiameltingpot,25
bhukkad_ghummkkad,25
danieltravel16,25
bostonfoodandbeyond,25
lalaboneca,25
wy_jac,25
cheungchau_guidemeow,25
foodbylb,25
emiliaeraul,25
thecolors.thing,25
_she_s_zakky,25
grandmalovesyoutoronto,25
thatcuteblogger,25
littletigeradventure,25
brookiee__cookiee__,25
cnd2cool,25
chethz_yellow_beast,25
diadagigi,25
miori_mua.hairdo,25
rotemashuri,25
thefoodpimp,25
aka.foodiedreams,25
richa_ko,25
breadnbuttr,25
martina_lapalerma,25
jadorefinecheese,25
theurbanskillet,25
lovemeypa,25
angeluvfood,25
kenyasudaofficial,25
brokefatties,25
rajees.samayalarai,25
inbeunza,25
hawaz_mohammad,25
natjkt_foodie,25
lyke_minded,25
roy_clg,25
nuramaliahidayanti,25
louloulovesfood,25
alexisrichiecook,25
lifeoftaka,25
mudkipppy,25
cookin_camilla,25
flavory.food.fiesta,25
jennifer_jimmy_childress,25
srptchkidd,18.75
mr_akki__dz,18.75
theycallmeashley008,18.75
keralasoulmedia,18.75
md.denas,18.75
prem_rajput_444,18.75
dapurmaruko,18.75
faby.md,18.75
chefkaruyzazueta,18.75
indulge.nyc,18.75
singlutenmariacabello,18.75
eloviie.id,18.75
thesecarbsdontcount,12.5
lafranquee,12.5
tangtangjulia,12.5
uttarakhandtraveller,12.5
sprinklesforbreakfast,12.5
wishingwellshaveice,12.5
ibtissamdamou.official,12.5
_aria.off_,12.5
alexx_fitlife,12.5
ghenissonj,12.5
hungry.burgers,12.5
iamnitinbhardwaj_,12.5
wamel_pic,12.5
shopgypsyqueen,12.5
we.heyheyho,12.5
conceptsweetnj,12.5
viamiratull,12.5
neverfullx,12.5
theayushdhakad,12.5
shahanum_,12.5
meriemfoodie,12.5
londoneatingspots,12.5
u__ginie,12.5
halalfoodjunkie,12.5
serenetomato,12.5
gerrmorales,12.5
foodiesdale,12.5
_____yu.photogram_____,12.5
_____radish,12.5
aggie_travel_eats,12.5
hungryirvine,12.5
nhidangtravelblog,12.5
m__________ta,12.5
cositastierni,12.5
hyemiisa,12.5
sclairec,12.5
seenbysofia,12.5
oppserve,12.5
cutthroataustralia,12.5
the_bread_box,12.5
lacucharitarosa,12.5
sndous.amary,12.5
roseann_yip,12.5
cakemeupdr,12.5
sanchittnarang,12.5
ohgoodnessbakes,12.5
pradeep_gavit_,12.5
thearchitectscorner,12.5
chengdufoodtours,12.5
harlemroadtexasbbq,12.5
auntie.loren,12.5
salmonmnl,12.5
i.am.pragati,6.25
foodlikeid,6.25
asianmodelblog,6.25
photographys__love,6.25
americanstyle,0
luxuryandmenstyle,0
